accession,family,length,description
NC_076685,Coronaviridae,28009,"NC_076685.1 Alphacoronavirus sp. isolate WA3607, complete genome"
NC_076684,Coronaviridae,27435,"NC_076684.1 Alphacoronavirus sp. isolate WA2028, complete genome"
NC_076629,Coronaviridae,28045,"NC_076629.1 Bat alphacoronavirus isolate BtCoV/020_16/M.dau/FIN/2016 polyprotein (QKQ02_gp1), spike protein (QKQ02_gp2),"
NC_055953,Coronaviridae,29097,"NC_055953.1 Bat alphacoronavirus isolate AMA_L_F, complete genome"
NC_054015,Coronaviridae,27636,"NC_054015.1 Tylonycteris bat coronavirus HKU33 strain GZ151867, complete genome"
NC_054004,Coronaviridae,28169,"NC_054004.1 Hipposideros pomona bat coronavirus CHB25 isolate CHB0025, complete genome"
NC_054003,Coronaviridae,28170,"NC_054003.1 Alphacoronavirus sp. isolate WA1087, complete genome"
NC_048214,Coronaviridae,27754,"NC_048214.1 Duck coronavirus isolate DK/GD/27/2014, complete genome"
NC_048211,Coronaviridae,25984,"NC_048211.1 Wencheng Sm shrew coronavirus isolate Xingguo-74 ORF1ab polyprotein, spike glycoprotein, envelope protein, m"
NC_046965,Coronaviridae,28539,"NC_046965.1 Canada goose coronavirus strain Cambridge_Bay_2017, complete genome"
NC_046964,Coronaviridae,28128,"NC_046964.1 Alphacoronavirus Bat-CoV/P.kuhlii/Italy/3398-19/2015, complete genome"
NC_032730,Coronaviridae,28763,"NC_032730.1 Lucheng Rn rat coronavirus isolate Lucheng-19, complete genome"
NC_030292,Coronaviridae,28434,"NC_030292.1 Ferret coronavirus isolate FRCoV-NL-2010, complete genome"
NC_018871,Coronaviridae,28494,"NC_018871.1 Rousettus bat coronavirus HKU10, complete genome"
NC_016992,Coronaviridae,26083,"NC_016992.1 Sparrow coronavirus HKU17, complete genome"
NC_016996,Coronaviridae,26223,"NC_016996.1 Common moorhen coronavirus HKU21, complete genome"
NC_016995,Coronaviridae,26227,"NC_016995.1 Wigeon coronavirus HKU20, complete genome"
NC_016993,Coronaviridae,26689,"NC_016993.1 Magpie-robin coronavirus HKU18, complete genome"
NC_014470,Coronaviridae,29276,"NC_014470.1 Bat coronavirus BM48-31/BGR/2008, complete genome"
NC_010438,Coronaviridae,28773,"NC_010438.1 Miniopterus bat coronavirus HKU8, complete genome"
NC_009988,Coronaviridae,27165,"NC_009988.1 Rhinolophus bat coronavirus HKU2, complete genome"
NC_009657,Coronaviridae,28203,"NC_009657.1 Scotophilus bat coronavirus 512, complete genome"
NC_028752,Coronaviridae,27395,"NC_028752.1 Camel alphacoronavirus isolate camel/Riyadh/Ry141/2015, complete genome"
NC_005831,Coronaviridae,27553,"NC_005831.2 Human Coronavirus NL63, complete genome"
NC_035191,Coronaviridae,25995,"NC_035191.1 Wencheng Sm shrew coronavirus isolate Xingguo-101 ORF1ab polyprotein, spike glycoprotein, envelope protein, "
NC_039208,Coronaviridae,25425,"NC_039208.1 Porcine coronavirus HKU15 strain HKU15-155, complete genome"
NC_016991,Coronaviridae,26041,"NC_016991.1 White-eye coronavirus HKU16, complete genome"
NC_002645,Coronaviridae,27317,"NC_002645.1 Human coronavirus 229E, complete genome"
NC_048212,Coronaviridae,28975,"NC_048212.1 Bat coronavirus, complete genome"
NC_009021,Coronaviridae,29114,"NC_009021.1 Rousettus bat coronavirus HKU9, complete genome"
NC_034440,Coronaviridae,29642,"NC_034440.1 Bat coronavirus isolate PREDICT/PDF-2180, complete genome"
NC_006577,Coronaviridae,29926,"NC_006577.2 Human coronavirus HKU1, complete genome"
NC_004718,Coronaviridae,29751,"NC_004718.3 SARS coronavirus Tor2, complete genome"
NC_045512,Coronaviridae,29903,"NC_045512.2 Severe acute respiratory syndrome coronavirus 2 isolate Wuhan-Hu-1, complete genome"
NC_048216,Coronaviridae,28679,"NC_048216.1 NL63-related bat coronavirus strain BtKYNL63-9b, complete genome"
NC_048213,Coronaviridae,27464,"NC_048213.1 Infectious bronchitis virus isolate Ind-TN92-03, complete genome"
NC_046955,Coronaviridae,27102,"NC_046955.1 Shrew coronavirus isolate Shrew-CoV/Tibet2014 ORF1ab polyprotein, spike glycoprotein, envelope protein, memb"
NC_038861,Coronaviridae,28586,"NC_038861.1 Transmissible gastroenteritis virus complete genome, genomic RNA"
NC_011547,Coronaviridae,26487,"NC_011547.1 Bulbul coronavirus HKU11-934, complete genome"
NC_034972,Coronaviridae,27682,"NC_034972.1 Coronavirus AcCoV-JC34, complete genome"
NC_032107,Coronaviridae,28363,"NC_032107.1 NL63-related bat coronavirus strain BtKYNL63-9a, complete genome"
NC_028833,Coronaviridae,27783,"NC_028833.1 BtNv-AlphaCoV/SC2013, complete genome"
NC_028824,Coronaviridae,26975,"NC_028824.1 BtRf-AlphaCoV/YN2012, complete genome"
NC_028814,Coronaviridae,27608,"NC_028814.1 BtRf-AlphaCoV/HuB2013, complete genome"
NC_028811,Coronaviridae,27935,"NC_028811.1 BtMr-AlphaCoV/SAX2011, complete genome"
NC_028806,Coronaviridae,28111,"NC_028806.1 Swine enteric coronavirus strain Italy/213306/2009, complete genome"
NC_023760,Coronaviridae,28941,"NC_023760.1 Mink coronavirus strain WD1127, complete genome"
NC_022103,Coronaviridae,28035,"NC_022103.1 Bat coronavirus CDPHE15/USA/2006, complete genome"
NC_016994,Coronaviridae,26077,"NC_016994.1 Night-heron coronavirus HKU19, complete genome"
NC_002306,Coronaviridae,29355,"NC_002306.3 Feline infectious peritonitis virus, complete genome"
NC_011550,Coronaviridae,26552,"NC_011550.1 Munia coronavirus HKU13-3514, complete genome"
NC_011549,Coronaviridae,26396,"NC_011549.1 Thrush coronavirus HKU12-600, complete genome"
NC_010800,Coronaviridae,27657,"NC_010800.1 Turkey coronavirus, complete genome"
NC_010437,Coronaviridae,28326,"NC_010437.1 Bat coronavirus 1A, complete genome"
NC_003436,Coronaviridae,28033,"NC_003436.1 Porcine epidemic diarrhea virus, complete genome"
NC_001451,Coronaviridae,27608,"NC_001451.1 Avian infectious bronchitis virus, complete genome"
NC_004910,Orthomyxoviridae,2341,"NC_004910.1 Influenza A virus pb2 gene for polymerase Pb2, genomic RNA, strain A/Hong Kong/1073/99(H9N2)"
NC_002204,Orthomyxoviridae,2368,"NC_002204.1 Influenza B virus RNA 1, complete sequence"
NC_007361,Orthomyxoviridae,1458,"NC_007361.1 Influenza A virus (A/Goose/Guangdong/1/96(H5N1)) neuraminidase (NA) gene, complete cds"
NC_007360,Orthomyxoviridae,1565,"NC_007360.1 Influenza A virus (A/Goose/Guangdong/1/96(H5N1)) nucleocapsid protein (NP) gene, complete cds"
NC_007359,Orthomyxoviridae,2233,"NC_007359.1 Influenza A virus (A/goose/Guangdong/1/1996(H5N1)) polymerase (PA) and PA-X protein (PA-X) genes, complete c"
NC_007357,Orthomyxoviridae,2341,"NC_007357.1 Influenza A virus (A/Goose/Guangdong/1/96(H5N1)) polymerase (PB2) gene, complete cds"
NC_004912,Orthomyxoviridae,2225,"NC_004912.1 Influenza A virus pa gene for polymerase PA, genomic RNA, strain A/Hong Kong/1073/99(H9N2)"
NC_004911,Orthomyxoviridae,2328,"NC_004911.1 Influenza A virus pb1 gene for polymerase Pb1, genomic RNA, strain A/Hong Kong/1073/99(H9N2)"
NC_004909,Orthomyxoviridae,1418,"NC_004909.1 Influenza A virus na gene for neuraminidase, genomic RNA, strain A/Hong Kong/1073/99(H9N2)"
NC_004908,Orthomyxoviridae,1714,"NC_004908.1 Influenza A virus ha gene for Hemagglutinin, genomic RNA, strain A/Hong Kong/1073/99(H9N2)"
NC_078773,Orthomyxoviridae,2225,"NC_078773.1 Sinu virus strain CoB 38d segment 2 PB1 protein (QK773_gp1) gene, complete cds"
NC_078772,Orthomyxoviridae,1009,"NC_078772.1 Sinu virus strain CoB 38d segment 6 ML (QK773_gp1) gene, complete cds"
NC_078771,Orthomyxoviridae,2376,"NC_078771.1 Sinu virus strain CoB 38d segment 1 PB2 polymerase subunit (QK773_gp1) gene, complete cds"
NC_078770,Orthomyxoviridae,1662,"NC_078770.1 Sinu virus strain CoB 38d segment 4 glycoprotein (QK773_gp1) gene, complete cds"
NC_078769,Orthomyxoviridae,1561,"NC_078769.1 Sinu virus strain CoB 38d segment 5 nucleoprotein (QK773_gp1) gene, complete cds"
NC_078768,Orthomyxoviridae,2000,"NC_078768.1 Sinu virus strain CoB 38d segment 3 PA polymerase subunit (QK773_gp1) gene, complete cds"
NC_078734,Orthomyxoviridae,909,"NC_078734.1 Araguari virus strain BeAn174214 isolate SAARB-24-Jan-1995 M (QK767_gp1) gene, complete cds"
NC_078733,Orthomyxoviridae,2404,"NC_078733.1 Araguari virus strain BeAn174214 isolate SAARB-24-Jan-1995 polymerase PA (QK767_gp1) gene, complete cds"
NC_078732,Orthomyxoviridae,515,"NC_078732.1 Araguari virus strain BeAn174214 isolate SAARB-24-Jan-1995 VP7 (QK767_gp1) gene, complete cds"
NC_078731,Orthomyxoviridae,2405,"NC_078731.1 Araguari virus strain BeAn174214 isolate SAARB-24-Jan-1995 polymerase PB2 (QK767_gp1) gene, complete cds"
NC_078730,Orthomyxoviridae,2372,"NC_078730.1 Araguari virus strain BeAn174214 isolate SAARB-24-Jan-1995 polymerase PB1 (QK767_gp1) gene, complete cds"
NC_078729,Orthomyxoviridae,1622,"NC_078729.1 Araguari virus strain BeAn174214 isolate SAARB-24-Jan-1995 hemagglutinin protein (QK767_gp1) gene, complete "
NC_078728,Orthomyxoviridae,1741,"NC_078728.1 Araguari virus strain BeAn174214 isolate SAARB-24-Jan-1995 hypothetical protein (QK767_gp1) gene, complete c"
NC_078654,Orthomyxoviridae,1542,"NC_078654.1 Upolu virus segment 5 nucleoprotein (NP) gene, complete cds"
NC_078653,Orthomyxoviridae,1984,"NC_078653.1 Upolu virus segment 3 PA polymerase subunit (PA) gene, complete cds"
NC_078652,Orthomyxoviridae,1635,"NC_078652.1 Upolu virus segment 4 glycoprotein (gp) gene, complete cds"
NC_078651,Orthomyxoviridae,2245,"NC_078651.1 Upolu virus segment 2 polymerase basic subunit 1 (PB1) gene, complete cds"
NC_078650,Orthomyxoviridae,973,"NC_078650.1 Upolu virus segment 6 matrix (ML) gene, complete cds"
NC_078649,Orthomyxoviridae,2385,"NC_078649.1 Upolu virus segment 1 polymerase basic subunit 2 (PB2) gene, complete cds"
NC_078646,Orthomyxoviridae,1710,"NC_078646.1 Tjuloc virus strain LEIV 152K hypothetical protein gene, complete cds"
NC_078645,Orthomyxoviridae,2409,"NC_078645.1 Tjuloc virus strain LEIV 152K polymerase PA gene, complete cds"
NC_078644,Orthomyxoviridae,2414,"NC_078644.1 Tjuloc virus strain LEIV 152K polymerase PB2 gene, complete cds"
NC_078643,Orthomyxoviridae,901,"NC_078643.1 Tjuloc virus strain LEIV 152K hypothetical protein gene, complete cds"
NC_078642,Orthomyxoviridae,512,"NC_078642.1 Tjuloc virus isolate LEIV 152K viral protein 7 (VP7) gene, complete cds"
NC_078641,Orthomyxoviridae,2387,"NC_078641.1 Tjuloc virus strain LEIV 152K polymerase PB1 gene, complete cds"
NC_078640,Orthomyxoviridae,1613,"NC_078640.1 Tjuloc virus strain LEIV 152K hemagglutinin (HA) gene, complete cds"
NC_078612,Orthomyxoviridae,1496,"NC_078612.1 Pilchard orthomyxovirus isolate POMV14-01514 segment 6, complete sequence"
NC_078611,Orthomyxoviridae,2172,"NC_078611.1 Pilchard orthomyxovirus isolate POMV14-01514 segment 2, complete sequence"
NC_078610,Orthomyxoviridae,2115,"NC_078610.1 Pilchard orthomyxovirus isolate POMV14-01514 segment 3, complete sequence"
NC_078609,Orthomyxoviridae,792,"NC_078609.1 Pilchard orthomyxovirus isolate POMV14-01514 segment 8, complete sequence"
NC_078608,Orthomyxoviridae,2117,"NC_078608.1 Pilchard orthomyxovirus isolate POMV14-01514 segment 4, complete sequence"
NC_078607,Orthomyxoviridae,2281,"NC_078607.1 Pilchard orthomyxovirus isolate POMV14-01514 segment 1, complete sequence"
NC_078606,Orthomyxoviridae,1022,"NC_078606.1 Pilchard orthomyxovirus isolate POMV14-01514 segment 7, complete sequence"
NC_078605,Orthomyxoviridae,1980,"NC_078605.1 Pilchard orthomyxovirus isolate POMV14-01514 segment 5, complete sequence"
NC_078601,Orthomyxoviridae,1480,"NC_078601.1 Thailand tick thogotovirus isolate THOV/Boophilus sp./Thailand segment NP, complete sequence"
NC_078600,Orthomyxoviridae,2306,"NC_078600.1 Thailand tick thogotovirus isolate THOV/Boophilus sp./Thailand segment PB2, complete sequence"
NC_078599,Orthomyxoviridae,2193,"NC_078599.1 Thailand tick thogotovirus isolate THOV/Boophilus sp./Thailand segment PB1, complete sequence"
NC_078598,Orthomyxoviridae,1941,"NC_078598.1 Thailand tick thogotovirus isolate THOV/Boophilus sp./Thailand segment PA, complete sequence"
NC_078597,Orthomyxoviridae,872,"NC_078597.1 Thailand tick thogotovirus isolate THOV/Boophilus sp./Thailand segment M, complete sequence"
NC_078596,Orthomyxoviridae,1596,"NC_078596.1 Thailand tick thogotovirus isolate THOV/Boophilus sp./Thailand segment GP, complete sequence"
NC_078621,Orthomyxoviridae,1387,"NC_078621.1 Jos virus segment 5 nucleoprotein gene, complete cds"
NC_078620,Orthomyxoviridae,2138,"NC_078620.1 Jos virus segment 2 PB1 gene, partial cds"
NC_078619,Orthomyxoviridae,975,"NC_078619.1 Jos virus segment 6 ML gene, complete cds"
NC_078618,Orthomyxoviridae,2385,"NC_078618.1 Jos virus segment 1 PB2 gene, complete cds"
NC_078617,Orthomyxoviridae,1618,"NC_078617.1 Jos virus segment 4 glycoprotein gene, complete cds"
NC_078616,Orthomyxoviridae,1970,"NC_078616.1 Jos virus segment 3 PA gene, complete cds"
NC_078589,Orthomyxoviridae,960,"NC_078589.1 Bourbon virus isolate MO-2013-2499 segment 6, complete sequence"
NC_078588,Orthomyxoviridae,1961,"NC_078588.1 Bourbon virus isolate MO-2013-2499 segment 3, complete sequence"
NC_078587,Orthomyxoviridae,1480,"NC_078587.1 Bourbon virus isolate MO-2013-2499 segment 5, complete sequence"
NC_078586,Orthomyxoviridae,1588,"NC_078586.1 Bourbon virus isolate MO-2013-2499 segment 4, complete sequence"
NC_078585,Orthomyxoviridae,2372,"NC_078585.1 Bourbon virus isolate MO-2013-2499 segment 1, complete sequence"
NC_078584,Orthomyxoviridae,2199,"NC_078584.1 Bourbon virus isolate MO-2013-2499 segment 2, complete sequence"
NC_078528,Orthomyxoviridae,2256,"NC_078528.1 Rainbow trout orthomyxovirus-1 strain Rainbow/Idaho/347/1997 putative polymerase basic 2 (PB2) gene, complet"
NC_078527,Orthomyxoviridae,1875,"NC_078527.1 Rainbow trout orthomyxovirus-1 strain Rainbow/Idaho/347/1997 putative polymerase acidic (PA) gene, complete "
NC_078526,Orthomyxoviridae,1605,"NC_078526.1 Rainbow trout orthomyxovirus-1 strain Rainbow/Idaho/347/1997 putative neuraminidase (NA) gene, complete cds"
NC_078525,Orthomyxoviridae,1097,NC_078525.1 Rainbow trout orthomyxovirus-1 strain Rainbow/Idaho/347/1997 putative nonstructural protein 1 (NS1-NEP) and 
NC_078524,Orthomyxoviridae,934,NC_078524.1 Rainbow trout orthomyxovirus-1 strain Rainbow/Idaho/347/1997 putative matrix protein 1 (M1-M2) and putative 
NC_078523,Orthomyxoviridae,1495,"NC_078523.1 Rainbow trout orthomyxovirus-1 strain Rainbow/Idaho/347/1997 putative hemagglutinin (HA) gene, complete cds"
NC_078522,Orthomyxoviridae,2184,"NC_078522.1 Rainbow trout orthomyxovirus-1 strain Rainbow/Idaho/347/1997 putative polymerase basic 1 (PB1) gene, complet"
NC_078521,Orthomyxoviridae,2081,"NC_078521.1 Rainbow trout orthomyxovirus-1 strain Rainbow/Idaho/347/1997 putative nucleoprotein (NP) gene, complete cds"
NC_006500,Orthomyxoviridae,1474,"NC_006500.2 Infectious salmon anemia virus segment 5 putative acetylesterase (P3) gene, complete cds"
NC_006501,Orthomyxoviridae,1787,"NC_006501.1 Infectious salmon anemia virus segment 4, complete sequence"
NC_006503,Orthomyxoviridae,2185,"NC_006503.1 Infectious salmon anemia virus segment 2, complete sequence"
NC_006502,Orthomyxoviridae,2046,"NC_006502.1 Infectious salmon anemia virus segment 3, complete sequence"
NC_006499,Orthomyxoviridae,1323,"NC_006499.1 Infectious salmon anemia virus segment 6, complete sequence"
NC_006498,Orthomyxoviridae,966,"NC_006498.1 Infectious salmon anemia virus segment 7, complete sequence"
NC_006505,Orthomyxoviridae,2169,"NC_006505.1 Infectious salmon anemia virus isolate 810/9/99 PB2 polymerase (PB2) mRNA, complete cds"
NC_052931,Orthomyxoviridae,2387,"NC_052931.1 Johnston Atoll quaranjavirus isolate LBJ segment 3, complete sequence"
NC_052930,Orthomyxoviridae,508,"NC_052930.1 Johnston Atoll quaranjavirus isolate LBJ segment 7, complete sequence"
NC_052929,Orthomyxoviridae,901,"NC_052929.1 Johnston Atoll quaranjavirus isolate LBJ segment 6, complete sequence"
NC_052928,Orthomyxoviridae,1608,"NC_052928.1 Johnston Atoll quaranjavirus isolate LBJ segment 5, complete sequence"
NC_052927,Orthomyxoviridae,1725,"NC_052927.1 Johnston Atoll quaranjavirus isolate LBJ segment 4, complete sequence"
NC_052926,Orthomyxoviridae,2405,"NC_052926.1 Johnston Atoll quaranjavirus isolate LBJ segment 2, complete sequence"
NC_052925,Orthomyxoviridae,2413,"NC_052925.1 Johnston Atoll quaranjavirus isolate LBJ segment 1, complete sequence"
NC_052686,Orthomyxoviridae,902,"NC_052686.1 Lake Chad virus isolate Ib An 38918 segment 6, complete sequence"
NC_052685,Orthomyxoviridae,520,"NC_052685.1 Lake Chad virus isolate Ib An 38918 segment 7, complete sequence"
NC_052684,Orthomyxoviridae,1614,"NC_052684.1 Lake Chad virus isolate Ib An 38918 segment 5, complete sequence"
NC_052683,Orthomyxoviridae,1738,"NC_052683.1 Lake Chad virus isolate Ib An 38918 segment 4, complete sequence"
NC_052682,Orthomyxoviridae,2390,"NC_052682.1 Lake Chad virus isolate Ib An 38918 segment 3, complete sequence"
NC_052681,Orthomyxoviridae,2410,"NC_052681.1 Lake Chad virus isolate Ib An 38918 segment 2, complete sequence"
NC_052680,Orthomyxoviridae,2413,"NC_052680.1 Lake Chad virus isolate Ib An 38918 segment 1, complete sequence"
NC_040735,Orthomyxoviridae,1597,"NC_040735.1 Oz virus viral cRNA, segment 4, complete sequence, strain: EH8"
NC_040734,Orthomyxoviridae,960,"NC_040734.1 Oz virus viral cRNA, segment 6, complete sequence, strain: EH8"
NC_040733,Orthomyxoviridae,1482,"NC_040733.1 Oz virus viral cRNA, segment 5, complete sequence, strain: EH8"
NC_040732,Orthomyxoviridae,1975,"NC_040732.1 Oz virus viral cRNA, segment 3, complete sequence, strain: EH8"
NC_040731,Orthomyxoviridae,2225,"NC_040731.1 Oz virus viral cRNA, segment 2, complete sequence, strain: EH8"
NC_040730,Orthomyxoviridae,2406,"NC_040730.1 Oz virus viral cRNA, segment 1, complete sequence, strain: EH8"
NC_038822,Orthomyxoviridae,900,NC_038822.1 Quaranfil virus isolate EG T 377 unknown gene
NC_038821,Orthomyxoviridae,2386,"NC_038821.1 Quaranfil virus isolate EG T 377 polymerase PB1 (PB1) gene, complete cds"
NC_038820,Orthomyxoviridae,1616,"NC_038820.1 Quaranfil virus isolate EG T 377 hemagglutinin (HA) gene, complete cds"
NC_038819,Orthomyxoviridae,1726,"NC_038819.1 Quaranfil virus isolate EG T 377 hypothetical protein gene, complete cds"
NC_038818,Orthomyxoviridae,2403,"NC_038818.1 Quaranfil virus isolate EG T 377 polymerase PA (PA) gene, complete cds"
NC_038817,Orthomyxoviridae,2421,"NC_038817.1 Quaranfil virus isolate EG T 377 polymerase PB2 (PB2) gene, complete cds"
NC_036621,Orthomyxoviridae,868,NC_036621.1 Influenza D virus (D/swine/Oklahoma/1334/2011) segment 7 nonstructural protein 2 (NS2) and nonstructural pro
NC_036620,Orthomyxoviridae,1219,"NC_036620.1 Influenza D virus (D/swine/Oklahoma/1334/2011) segment 6 P42 (P42) gene, complete cds"
NC_036619,Orthomyxoviridae,2195,"NC_036619.1 Influenza D virus (D/swine/Oklahoma/1334/2011) segment 3 polymerase 3 (P3) gene, complete cds"
NC_036618,Orthomyxoviridae,2049,"NC_036618.1 Influenza D virus (D/swine/Oklahoma/1334/2011) segment 4 hemagglutinin-esterase precursor (HEF) gene, comple"
NC_036617,Orthomyxoviridae,1775,"NC_036617.1 Influenza D virus (D/swine/Oklahoma/1334/2011) segment 5 nucleoprotein (NP) gene, complete cds"
NC_036616,Orthomyxoviridae,2364,"NC_036616.1 Influenza D virus (D/swine/Oklahoma/1334/2011) segment 1 polymerase PB2 (PB2) gene, complete cds"
NC_036615,Orthomyxoviridae,2330,"NC_036615.1 Influenza D virus (D/swine/Oklahoma/1334/2011) segment 2 polymerase PB1 (PB1) gene, complete cds"
NC_006312,Orthomyxoviridae,1180,"NC_006312.2 Influenza C virus (C/Ann Arbor/1/50) M1, CM2 genes for matrix protein, CM2 protein, complete cds"
NC_006310,Orthomyxoviridae,2073,"NC_006310.2 Influenza C virus (C/Ann Arbor/1/50) HEF gene for hemagglutinin-esterase-fusion, complete cds"
NC_006309,Orthomyxoviridae,2183,"NC_006309.2 Influenza C virus (C/Ann Arbor/1/50) P3 gene for polymerase 3, complete cds"
NC_006308,Orthomyxoviridae,2363,"NC_006308.2 Influenza C virus (C/Ann Arbor/1/50) PB1 gene for polymerase 1, complete cds"
NC_006307,Orthomyxoviridae,2365,"NC_006307.2 Influenza C virus (C/Ann Arbor/1/50) PB2 gene for polymerase 2, complete cds"
NC_034263,Orthomyxoviridae,2224,"NC_034263.1 Dhori virus isolate Dhori/1313/61 segment 2, complete sequence"
NC_034262,Orthomyxoviridae,1478,"NC_034262.1 Dhori virus isolate Dhori/1313/61 segment 5, complete sequence"
NC_034261,Orthomyxoviridae,2375,"NC_034261.1 Dhori virus isolate Dhori/1313/61 segment 1, complete sequence"
NC_034256,Orthomyxoviridae,961,"NC_034256.1 Dhori virus isolate Dhori/1313/61 segment 6, complete sequence"
NC_034255,Orthomyxoviridae,1606,"NC_034255.1 Dhori virus isolate Dhori/1313/61 segment 4, complete sequence"
NC_034254,Orthomyxoviridae,1972,"NC_034254.1 Dhori virus isolate Dhori/1313/61 segment 3, complete sequence"
NC_026438,Orthomyxoviridae,2280,"NC_026438.1 Influenza A virus (A/California/07/2009(H1N1)) segment 1 polymerase PB2 (PB2) gene, complete cds"
NC_026437,Orthomyxoviridae,2151,"NC_026437.1 Influenza A virus (A/California/07/2009(H1N1)) segment 3 polymerase PA (PA) gene, complete cds"
NC_026436,Orthomyxoviridae,1497,"NC_026436.1 Influenza A virus (A/California/07/2009(H1N1)) segment 5 nucleocapsid protein (NP) gene, complete cds"
NC_026435,Orthomyxoviridae,2274,"NC_026435.1 Influenza A virus (A/California/07/2009(H1N1)) segment 2 polymerase PB1 (PB1) gene, complete cds; and nonfun"
NC_026434,Orthomyxoviridae,1410,"NC_026434.1 Influenza A virus (A/California/07/2009(H1N1)) segment 6 neuraminidase (NA) gene, complete cds"
NC_026433,Orthomyxoviridae,1701,"NC_026433.1 Influenza A virus (A/California/07/2009(H1N1)) segment 4 hemagglutinin (HA) gene, complete cds"
NC_026432,Orthomyxoviridae,863,NC_026432.1 Influenza A virus (A/California/07/2009(H1N1)) segment 8 nuclear export protein (NEP) and nonstructural prot
NC_026431,Orthomyxoviridae,982,NC_026431.1 Influenza A virus (A/California/07/2009(H1N1)) segment 7 matrix protein 2 (M2) and matrix protein 1 (M1) gen
NC_026429,Orthomyxoviridae,1398,"NC_026429.1 Influenza A virus (A/Shanghai/02/2013(H7N9)) segment 6 neuraminidase (NA) gene, complete cds"
NC_026428,Orthomyxoviridae,841,NC_026428.1 Influenza A virus (A/Shanghai/02/2013(H7N9)) segment 8 nuclear export protein (NEP) and nonstructural protei
NC_026427,Orthomyxoviridae,985,NC_026427.1 Influenza A virus (A/Shanghai/02/2013(H7N9)) segment 7 matrix protein 2 (M2) and matrix protein 1 (M1) genes
NC_026426,Orthomyxoviridae,1506,"NC_026426.1 Influenza A virus (A/Shanghai/02/2013(H7N9)) segment 5 nucleocapsid protein (NP) gene, complete cds"
NC_026425,Orthomyxoviridae,1708,"NC_026425.1 Influenza A virus (A/Shanghai/02/2013(H7N9)) segment 4 hemagglutinin (HA) gene, complete cds"
NC_026424,Orthomyxoviridae,2176,"NC_026424.1 Influenza A virus (A/Shanghai/02/2013(H7N9)) segment 3 polymerase PA (PA) and PA-X protein (PA-X) genes, com"
NC_026423,Orthomyxoviridae,2297,NC_026423.1 Influenza A virus (A/Shanghai/02/2013(H7N9)) segment 2 polymerase PB1 (PB1) and PB1-F2 protein (PB1-F2) gene
NC_026422,Orthomyxoviridae,2280,"NC_026422.1 Influenza A virus (A/Shanghai/02/2013(H7N9)) segment 1 polymerase PB2 (PB2) gene, complete cds"
NC_025799,Orthomyxoviridae,908,"NC_025799.1 Wellfleet Bay virus isolate 10-280-G segment 6 matrix protein (M) gene, complete cds"
NC_025798,Orthomyxoviridae,1596,"NC_025798.1 Wellfleet Bay virus isolate 10-280-G segment 5 hemagglutinin protein (HA) gene, complete cds"
NC_025797,Orthomyxoviridae,2403,"NC_025797.1 Wellfleet Bay virus isolate 10-280-G segment 3 polymerase acidic protein (PA) gene, complete cds"
NC_025796,Orthomyxoviridae,2414,"NC_025796.1 Wellfleet Bay virus isolate 10-280-G segment 2 polymerase basic 1 protein (PB1) gene, complete cds"
NC_025795,Orthomyxoviridae,2427,"NC_025795.1 Wellfleet Bay virus isolate 10-280-G segment 1 polymerase basic 2 protein (PB2) gene, complete cds"
NC_025794,Orthomyxoviridae,519,"NC_025794.1 Wellfleet Bay virus isolate 10-280-G segment 7 viral protein 7 (VP7) gene, complete cds"
NC_025793,Orthomyxoviridae,1691,"NC_025793.1 Wellfleet Bay virus isolate 10-280-G segment 4 nucleoprotein (NP) gene, complete cds"
NC_006306,Orthomyxoviridae,935,"NC_006306.2 Influenza C virus (C/Ann Arbor/1/50) segment 7, complete sequence"
NC_004905,Orthomyxoviridae,1557,"NC_004905.2 Influenza A virus (A/Hong Kong/1073/99(H9N2)) segment 5, complete sequence"
NC_007380,Orthomyxoviridae,838,"NC_007380.1 Influenza A virus (A/Korea/426/1968(H2N2)) segment 8, complete sequence"
NC_007381,Orthomyxoviridae,1497,"NC_007381.1 Influenza A virus (A/Korea/426/1968(H2N2)) segment 5, complete sequence"
NC_007382,Orthomyxoviridae,1410,"NC_007382.1 Influenza A virus (A/Korea/426/1968(H2N2)) segment 6, complete sequence"
NC_007370,Orthomyxoviridae,890,"NC_007370.1 Influenza A virus (A/New York/392/2004(H3N2)) segment 8, complete sequence"
NC_007366,Orthomyxoviridae,1762,"NC_007366.1 Influenza A virus (A/New York/392/2004(H3N2)) segment 4, complete sequence"
NC_007367,Orthomyxoviridae,1027,"NC_007367.1 Influenza A virus (A/New York/392/2004(H3N2)) segment 7, complete sequence"
NC_007372,Orthomyxoviridae,2341,"NC_007372.1 Influenza A virus (A/New York/392/2004(H3N2)) segment 2, complete sequence"
NC_007369,Orthomyxoviridae,1566,"NC_007369.1 Influenza A virus (A/New York/392/2004(H3N2)) segment 5, complete sequence"
NC_007374,Orthomyxoviridae,1773,"NC_007374.1 Influenza A virus (A/Korea/426/1968(H2N2)) segment 4, complete sequence"
NC_007368,Orthomyxoviridae,1467,"NC_007368.1 Influenza A virus (A/New York/392/2004(H3N2)) segment 6, complete sequence"
NC_007371,Orthomyxoviridae,2233,"NC_007371.1 Influenza A virus (A/New York/392/2004(H3N2)) segment 3, complete sequence"
NC_007373,Orthomyxoviridae,2341,"NC_007373.1 Influenza A virus (A/New York/392/2004(H3N2)) segment 1, complete sequence"
NC_007378,Orthomyxoviridae,2341,"NC_007378.1 Influenza A virus (A/Korea/426/1968(H2N2)) segment 1, complete sequence"
NC_007377,Orthomyxoviridae,1027,"NC_007377.1 Influenza A virus (A/Korea/426/1968(H2N2)) segment 7, complete sequence"
NC_007376,Orthomyxoviridae,2233,"NC_007376.1 Influenza A virus (A/Korea/426/1968(H2N2)) segment 3, complete sequence"
NC_007375,Orthomyxoviridae,2341,"NC_007375.1 Influenza A virus (A/Korea/426/1968(H2N2)) segment 2, complete sequence"
NC_007363,Orthomyxoviridae,1027,"NC_007363.1 Influenza A virus (A/goose/Guangdong/1/1996(H5N1)) segment 7, complete sequence"
NC_007362,Orthomyxoviridae,1760,"NC_007362.1 Influenza A virus (A/goose/Guangdong/1/1996(H5N1)) hemagglutinin (HA) gene, complete cds"
NC_007358,Orthomyxoviridae,2341,"NC_007358.1 Influenza A virus (A/goose/Guangdong/1/1996(H5N1)) polymerase (PB1) and PB1-F2 protein (PB1-F2) genes, compl"
NC_007364,Orthomyxoviridae,865,"NC_007364.1 Influenza A virus (A/goose/Guangdong/1/1996(H5N1)) segment 8, complete sequence"
NC_006497,Orthomyxoviridae,736,"NC_006497.1 Infectious salmon anemia virus segment 8, complete sequence"
NC_006508,Orthomyxoviridae,2375,"NC_006508.1 Thogoto virus segment 1, complete sequence"
NC_006507,Orthomyxoviridae,1418,"NC_006507.1 Thogoto virus segment 5, complete sequence"
NC_006506,Orthomyxoviridae,1574,"NC_006506.1 Thogoto virus segment 4, complete sequence"
NC_006504,Orthomyxoviridae,955,"NC_006504.1 Thogoto virus segment 6, complete sequence"
NC_006496,Orthomyxoviridae,1927,"NC_006496.1 Thogoto virus segment 3, complete sequence"
NC_006495,Orthomyxoviridae,2212,"NC_006495.1 Thogoto virus segment 2, complete sequence"
NC_006311,Orthomyxoviridae,1807,"NC_006311.1 Influenza C virus (C/Ann Arbor/1/50) segment 5, complete sequence"
NC_004907,Orthomyxoviridae,1025,"NC_004907.1 Influenza A virus (A/Hong Kong/1073/99(H9N2)) segment 7, complete sequence"
NC_004906,Orthomyxoviridae,890,"NC_004906.1 Influenza A virus (A/Hong Kong/1073/99(H9N2)) segment 8, complete sequence"
NC_002211,Orthomyxoviridae,1096,"NC_002211.1 Influenza B virus (B/Lee/1940) segment 8, complete sequence"
NC_002210,Orthomyxoviridae,1191,"NC_002210.1 Influenza B virus (B/Lee/1940) segment 7, complete sequence"
NC_002209,Orthomyxoviridae,1557,"NC_002209.1 Influenza B virus (B/Lee/1940) segment 6, complete sequence"
NC_002208,Orthomyxoviridae,1841,"NC_002208.1 Influenza B virus (B/Lee/1940) segment 5, complete sequence"
NC_002207,Orthomyxoviridae,1882,"NC_002207.1 Influenza B virus (B/Lee/1940) segment 4, complete sequence"
NC_002206,Orthomyxoviridae,2204,"NC_002206.1 Influenza B virus (B/Lee/1940) segment 3, complete sequence"
NC_002205,Orthomyxoviridae,2313,"NC_002205.1 Influenza B virus (B/Lee/1940) segment 2, complete sequence"
NC_002023,Orthomyxoviridae,2341,"NC_002023.1 Influenza A virus (A/Puerto Rico/8/1934(H1N1)) segment 1, complete sequence"
NC_002022,Orthomyxoviridae,2233,"NC_002022.1 Influenza A virus (A/Puerto Rico/8/1934(H1N1)) segment 3, complete sequence"
NC_002021,Orthomyxoviridae,2341,"NC_002021.1 Influenza A virus (A/Puerto Rico/8/1934(H1N1)) segment 2, complete sequence"
NC_002020,Orthomyxoviridae,890,"NC_002020.1 Influenza A virus (A/Puerto Rico/8/1934(H1N1)) segment 8, complete sequence"
NC_002019,Orthomyxoviridae,1565,"NC_002019.1 Influenza A virus (A/Puerto Rico/8/1934(H1N1)) segment 5, complete sequence"
NC_002018,Orthomyxoviridae,1413,"NC_002018.1 Influenza A virus (A/Puerto Rico/8/1934(H1N1)) segment 6, complete sequence"
NC_002017,Orthomyxoviridae,1778,"NC_002017.1 Influenza A virus (A/Puerto Rico/8/1934(H1N1)) segment 4, complete sequence"
NC_002016,Orthomyxoviridae,1027,"NC_002016.1 Influenza A virus (A/Puerto Rico/8/1934(H1N1)) segment 7, complete sequence"
NC_074778,Flaviviridae,1035,"NC_074778.1 Yaounde virus strain DakArY 276 NS5 protein (NS5) gene, partial cds"
NC_074777,Flaviviridae,1011,"NC_074777.1 Phnom-Penh bat virus strain CAMA-38D NS5 protein (NS5) gene, partial cds"
NC_043110,Flaviviridae,10182,"NC_043110.1 Banzi virus strain SAH 336 polyprotein gene, complete cds"
NC_040645,Flaviviridae,10609,"NC_040645.1 Culex Flavi-like virus strain CFVL/San Francisco, complete genome"
NC_040589,Flaviviridae,11413,"NC_040589.1 Diatom colony associated ssRNA virus 1 genomic RNA, complete genome"
NC_040555,Flaviviridae,11336,"NC_040555.1 Lumpfish flavivirus, complete genome"
NC_012532,Flaviviridae,10794,"NC_012532.1 Zika virus strain MR 766, complete genome"
NC_009942,Flaviviridae,11029,"NC_009942.1 West Nile virus lineage 1, complete genome"
NC_001563,Flaviviridae,10962,"NC_001563.2 West Nile virus lineage 2, complete genome"
NC_001475,Flaviviridae,10707,"NC_001475.2 Dengue virus 3, complete genome"
NC_001474,Flaviviridae,10723,"NC_001474.2 Dengue virus 2, complete genome"
NC_002640,Flaviviridae,10649,"NC_002640.1 Dengue virus 4, complete genome"
NC_043118,Flaviviridae,1011,"NC_043118.1 San Perlita virus strain 71V-1251 NS5 protein (NS5) gene, partial cds"
NC_043117,Flaviviridae,1011,"NC_043117.1 Sal Vieja virus strain 38TWM-106 NS5 protein (NS5) gene, partial cds"
NC_043116,Flaviviridae,1035,"NC_043116.1 Koutango virus strain Dak Ar D1470 NS5 protein (NS5) gene, partial cds"
NC_043115,Flaviviridae,1035,"NC_043115.1 Israel turkey meningoencephalitis virus NS5 protein (NS5) gene, partial cds"
NC_043114,Flaviviridae,1011,"NC_043114.1 Dakar bat virus strain 209 NS5 protein (NS5) gene, partial cds"
NC_043113,Flaviviridae,1011,"NC_043113.1 Cowbone Ridge virus strain W-10986 NS5 protein (NS5) gene, partial cds"
NC_043112,Flaviviridae,1011,"NC_043112.1 Carey Island virus strain P70-1215 NS5 protein (NS5) gene, partial cds"
NC_043111,Flaviviridae,1011,"NC_043111.1 Bukalasa bat virus strain UGBP-111 NS5 protein (NS5) gene, partial cds"
NC_012735,Flaviviridae,10814,"NC_012735.1 Wesselsbron virus strain SAH177, complete genome"
NC_012534,Flaviviridae,10941,"NC_012534.1 Bagaza virus strain DakAr B209, complete genome"
NC_012533,Flaviviridae,10723,"NC_012533.1 Kedougou virus strain DakAar D1470, complete genome"
NC_040788,Flaviviridae,10311,"NC_040788.1 Kampung Karu virus isolate SWK_P44, complete genome"
NC_040776,Flaviviridae,10794,"NC_040776.1 Rocio virus strain SPH 34675, complete genome"
NC_040682,Flaviviridae,10280,"NC_040682.1 Culex theileri flavivirus, complete genome"
NC_040610,Flaviviridae,10804,"NC_040610.1 Nanay virus strain PRD316/PER/09, complete genome"
NC_039219,Flaviviridae,10254,"NC_039219.1 Royal Farm virus from Afghanistan polyprotein gene, complete cds"
NC_039218,Flaviviridae,10376,"NC_039218.1 Kyasanur forest disease virus polyprotein gene, complete cds"
NC_035889,Flaviviridae,10808,"NC_035889.1 Zika virus isolate ZIKV/H. sapiens/Brazil/Natal/2015, complete genome"
NC_034151,Flaviviridae,10937,"NC_034151.1 T'Ho virus strain T'Ho-Mex07, complete genome"
NC_034242,Flaviviridae,10370,"NC_034242.1 Ochlerotatus caspius flavivirus isolate 1608 polyprotein gene, complete cds"
NC_034018,Flaviviridae,10293,"NC_034018.1 Yaounde virus strain Dak Ar Y276 polyprotein gene, complete cds"
NC_034007,Flaviviridae,10131,"NC_034007.1 Phnom Penh bat virus strain 30834_A38, complete genome"
NC_033726,Flaviviridae,10269,"NC_033726.1 Saumarez Reef virus from Australia polyprotein gene, complete cds"
NC_033724,Flaviviridae,10215,"NC_033724.1 Kadam virus from Uganda polyprotein gene, complete cds"
NC_033723,Flaviviridae,10251,"NC_033723.1 Gadgets Gully virus from Australia polyprotein gene, complete cds"
NC_032088,Flaviviridae,10864,"NC_032088.1 New Mapoon virus, complete cds"
NC_030401,Flaviviridae,10158,"NC_030401.1 Hanko virus polyprotein gene, complete cds"
NC_027819,Flaviviridae,10938,"NC_027819.1 Mercadeo virus isolate ER-M10, complete genome"
NC_027817,Flaviviridae,10893,"NC_027817.1 Parramatta River virus isolate 92-B115745, complete genome"
NC_026623,Flaviviridae,10284,NC_026623.1 Cacipacore virus flavivirus polyprotein (flavivirus polyprotein gene) and truncated polyprotein (flavivirus 
NC_018705,Flaviviridae,10943,"NC_018705.3 Ntaya virus, complete cds"
NC_017086,Flaviviridae,10733,"NC_017086.1 Chaoyang virus, complete genome"
NC_016997,Flaviviridae,10791,"NC_016997.1 Donggang virus, complete genome"
NC_009028,Flaviviridae,10755,"NC_009028.2 Ilheus virus, complete genome"
NC_009029,Flaviviridae,10874,"NC_009029.2 Kokobera virus, complete genome"
NC_012932,Flaviviridae,11064,"NC_012932.1 Aedes flavivirus genomic RNA, complete genome, strain: Narita-21"
NC_012671,Flaviviridae,10865,"NC_012671.1 Quang Binh virus, complete genome"
NC_008604,Flaviviridae,10837,"NC_008604.2 Culex flavivirus, complete genome"
NC_007580,Flaviviridae,10940,"NC_007580.2 Saint Louis encephalitis virus, complete genome"
NC_006551,Flaviviridae,11066,"NC_006551.1 Usutu virus, complete cds"
NC_005064,Flaviviridae,11375,"NC_005064.1 Kamiti River virus, complete genome"
NC_001437,Flaviviridae,10976,"NC_001437.1 Japanese encephalitis virus, genome"
NC_029054,Flaviviridae,10173,"NC_029054.2 Potiskum virus strain IBAN 10069 polyprotein gene, complete cds"
NC_033721,Flaviviridae,10266,"NC_033721.1 Meaban virus from France polyprotein gene, complete cds"
NC_033715,Flaviviridae,10755,"NC_033715.1 Nounane virus polyprotein mRNA, complete cds"
NC_033699,Flaviviridae,10173,"NC_033699.1 Jugra virus strain P-9-314 polyprotein gene, complete cds"
NC_033698,Flaviviridae,10182,"NC_033698.1 Uganda S virus polyprotein gene, complete cds"
NC_033697,Flaviviridae,10173,"NC_033697.1 Saboya virus strain Dak AR D4600 polyprotein gene, complete cds"
NC_033694,Flaviviridae,10095,"NC_033694.1 Palm Creek virus isolate 56 polyprotein gene, complete cds"
NC_033693,Flaviviridae,10173,"NC_033693.1 Bouboui virus strain DAK AR B490 polyprotein gene, complete cds"
NC_030289,Flaviviridae,10206,"NC_030289.1 Edge Hill virus strain YMP 48 polyprotein gene, complete cds"
NC_027999,Flaviviridae,10761,"NC_027999.1 Paraiso Escondido virus isolate Ecuador2012, complete genome"
NC_027709,Flaviviridae,10870,"NC_027709.1 Spanish goat encephalitis virus isolate AstGoatIREC2011, complete genome"
NC_026624,Flaviviridae,10242,"NC_026624.1 Sokoluk virus strain LEIV-400K, complete genome"
NC_026620,Flaviviridae,10125,"NC_026620.1 Jutiapa virus strain JG-128, complete genome"
NC_023439,Flaviviridae,10688,"NC_023439.1 Kama virus strain LEIV-20776Tat polyprotein gene, complete cds"
NC_023424,Flaviviridae,10673,"NC_023424.1 Tyuleniy virus strain LEIV-6C polyprotein gene, complete cds"
NC_021069,Flaviviridae,10865,"NC_021069.1 Mosquito flavivirus isolate LSFlaviV-A20-09, complete genome"
NC_008718,Flaviviridae,10510,"NC_008718.1 Entebbe bat virus, complete genome"
NC_008719,Flaviviridae,10793,"NC_008719.1 Sepik virus, complete genome"
NC_005062,Flaviviridae,10787,"NC_005062.1 Omsk hemorrhagic fever virus, complete genome"
NC_004119,Flaviviridae,10690,"NC_004119.1 Montana myotis leukoencephalitis virus, complete genome"
NC_003996,Flaviviridae,10053,"NC_003996.1 Tamana bat virus, genome"
NC_003690,Flaviviridae,10943,"NC_003690.1 Langat virus, complete genome"
NC_003687,Flaviviridae,10839,"NC_003687.1 Powassan virus, complete genome"
NC_003675,Flaviviridae,10140,"NC_003675.1 Rio Bravo virus, genome"
NC_003676,Flaviviridae,10116,"NC_003676.1 Apoi virus, genome"
NC_003635,Flaviviridae,10600,"NC_003635.1 Modoc virus, complete genome"
NC_000943,Flaviviridae,11014,"NC_000943.1 Murray Valley encephalitis virus, complete genome"
NC_001809,Flaviviridae,10871,"NC_001809.1 Louping ill virus, complete genome"
NC_001672,Flaviviridae,11141,"NC_001672.1 Tick-borne encephalitis virus, complete genome"
NC_002031,Flaviviridae,10862,"NC_002031.1 Yellow fever virus, complete genome"
NC_001477,Flaviviridae,10735,"NC_001477.1 Dengue virus 1, complete genome"
NC_034204,Flaviviridae,10897,"NC_034204.1 Menghai flavivirus isolate MHAedFV1, complete genome"
NC_035187,Flaviviridae,10026,"NC_035187.1 Mac Peak virus isolate McPV 150840 polyprotein gene, complete cds"
NC_035118,Flaviviridae,10646,"NC_035118.1 Karumba virus isolate KRBV 1892, complete genome"
NC_035071,Flaviviridae,20414,"NC_035071.1 Apis flavivirus isolate RI-A polyprotein gene, complete cds"
NC_034225,Flaviviridae,2629,"NC_034225.1 Mogiana tick virus isolate MGTV/V4/11 putative glycoprotein gene, complete cds"
NC_034224,Flaviviridae,2728,"NC_034224.1 Mogiana tick virus isolate MGTV/V4/11 VP2-3 gene, complete cds"
NC_034223,Flaviviridae,2705,"NC_034223.1 Mogiana tick virus isolate MGTV/V4/11 segment 3, complete sequence"
NC_034222,Flaviviridae,2963,"NC_034222.1 Mogiana tick virus isolate MGTV/V4/11 segment 1, complete sequence"
NC_034017,Flaviviridae,10884,"NC_034017.1 Xishuangbanna aedes flavivirus, complete genome"
NC_033725,Flaviviridae,10203,"NC_033725.1 Bamaga virus isolate CY4270 polyprotein gene, complete cds"
NC_031327,Flaviviridae,10588,"NC_031327.1 Anopheles flavivirus variant 1, complete genome"
NC_024299,Flaviviridae,10878,"NC_024299.2 Nienokoue virus isolate B51/CI/2004, complete genome"
NC_030400,Flaviviridae,10122,"NC_030400.1 Nakiwogo virus strain Uganda08 polyprotein gene, partial cds"
NC_001564,Flaviviridae,10682,"NC_001564.2 Cell fusing agent virus strain Galveston, complete genome"
NC_030290,Flaviviridae,10864,"NC_030290.1 Culiseta flavivirus strain 502-13, complete genome"
NC_028402,Flaviviridae,2735,"NC_028402.1 Wuhan cricket virus strain WHXS-1 segment 4, complete sequence"
NC_028401,Flaviviridae,1845,"NC_028401.1 Wuhan cricket virus strain WHXS-1 segment 2, complete sequence"
NC_028400,Flaviviridae,3135,"NC_028400.1 Wuhan cricket virus strain WHXS-1 segment 1, complete sequence"
NC_028399,Flaviviridae,2863,"NC_028399.1 Wuhan flea virus strain WHZM segment 3, complete sequence"
NC_028398,Flaviviridae,3170,"NC_028398.1 Wuhan flea virus strain WHZM segment 1, complete sequence"
NC_028397,Flaviviridae,2756,"NC_028397.1 Shuangao insect virus 7 strain SKC segment 3, complete sequence"
NC_028396,Flaviviridae,3040,"NC_028396.1 Shuangao insect virus 7 strain SKC segment 1, complete sequence"
NC_028395,Flaviviridae,2770,"NC_028395.1 Wuhan cricket virus strain WHXS-1 segment 3, complete sequence"
NC_028394,Flaviviridae,2698,"NC_028394.1 Wuhan flea virus strain WHZM segment 4, complete sequence"
NC_028393,Flaviviridae,2236,"NC_028393.1 Wuhan flea virus strain WHZM segment 2, complete sequence"
NC_028392,Flaviviridae,2670,"NC_028392.1 Shuangao insect virus 7 strain SKC segment 4, complete sequence"
NC_028391,Flaviviridae,1940,"NC_028391.1 Shuangao insect virus 7 strain SKC segment 2, complete sequence"
NC_028389,Flaviviridae,2841,"NC_028389.1 Wuhan aphid virus 1 segment 3, complete sequence"
NC_028388,Flaviviridae,3156,"NC_028388.1 Wuhan aphid virus 1 strain WHYC-1 segment 1, complete sequence"
NC_028387,Flaviviridae,2850,"NC_028387.1 Wuhan aphid virus 2 strain WHYC-2 segment 4, complete sequence"
NC_028386,Flaviviridae,2169,"NC_028386.1 Wuhan aphid virus 2 strain WHYC-2 segment 2, complete sequence"
NC_028385,Flaviviridae,2829,"NC_028385.1 Wuhan aphid virus 1 strain WHYC-1 segment 4, complete sequence"
NC_028384,Flaviviridae,2166,"NC_028384.1 Wuhan aphid virus 1 strain WHYC-1 segment 2, complete sequence"
NC_028383,Flaviviridae,2818,"NC_028383.1 Wuhan aphid virus 2 strain WHYC-2 segment 3, complete sequence"
NC_028382,Flaviviridae,3053,"NC_028382.1 Wuhan aphid virus 2 strain WHYC-2 segment 1, complete sequence"
NC_028137,Flaviviridae,22780,"NC_028137.1 Macrosiphum euphorbiae virus 1 isolate K01 polyprotein gene, complete cds"
NC_024806,Flaviviridae,10320,"NC_024806.1 Lammi virus isolate M0719 polyprotein gene, complete cds"
NC_024805,Flaviviridae,10365,"NC_024805.1 Ilomantsi virus isolate M0724 polyprotein gene, complete cds"
NC_024114,Flaviviridae,2824,"NC_024114.1 Jingmen Tick Virus isolate SY84 segment 3, complete sequence"
NC_024113,Flaviviridae,3114,"NC_024113.1 Jingmen Tick Virus isolate SY84 segment 1, complete sequence"
NC_024112,Flaviviridae,2847,"NC_024112.1 Jingmen Tick Virus isolate SY84 segment 2, complete sequence"
NC_024111,Flaviviridae,2794,"NC_024111.1 Jingmen Tick Virus isolate SY84 segment 4, complete sequence"
NC_024077,Flaviviridae,19199,"NC_024077.1 Soybean cyst nematode virus 5 strain ScV5 polyprotein gene, complete cds"
NC_024017,Flaviviridae,10891,"NC_024017.1 Nhumirim virus strain BrMS-MQ10, complete genome"
NC_015843,Flaviviridae,10990,"NC_015843.2 Tembusu virus flavivirus polyprotein (flavivirus polyprotein gene) gene, complete cds"
NC_009026,Flaviviridae,10815,"NC_009026.2 Bussuquara virus, complete genome"
NC_005039,Flaviviridae,10857,"NC_005039.1 Yokose virus, complete genome"
NC_001608,Filoviridae,19112,"NC_001608.4 Marburg virus - Musoke, Kenya, 1980, complete genome"
NC_076916,Filoviridae,13066,"NC_076916.1 Kander virus strain CH17 putative nucleoprotein (QKS96_gp1) gene, partial cds; hypothetical protein (QKS96_g"
NC_076535,Filoviridae,16009,"NC_076535.1 Tapajos virus B.atrox/Brazil N, VP35, VP40, GP, VP30, VP24, L genes for complete cds"
NC_076735,Filoviridae,14593,"NC_076735.1 Oberland virus strain OBLV CH17, partial genome"
NC_076734,Filoviridae,13764,"NC_076734.1 Fiwi virus strain FIWIV CH17, partial genome"
NC_055510,Filoviridae,18300,"NC_055510.1 Mengla dianlovirus isolate Rousettus-wt/CHN/2015/Sharen-Bat9447-1, complete genome"
NC_055176,Filoviridae,14280,"NC_055176.1 Wenling thamnaconus septentrionalis filovirus strain LQMMTII17328 hypothetical protein, nucleoprotein, hypot"
NC_055175,Filoviridae,17221,"NC_055175.1 Wenling frogfish filovirus strain XYHYS28627 nucleoprotein, hypothetical protein, matrix protein, hypothetic"
NC_014373,Filoviridae,18940,"NC_014373.1 Bundibugyo ebolavirus, complete genome"
NC_039345,Filoviridae,19043,"NC_039345.1 Bombali ebolavirus isolate Bombali ebolavirus/Mops condylurus/SLE/2016/PREDICT_SLAB000156, complete genome"
NC_024781,Filoviridae,19114,"NC_024781.1 Marburg marburgvirus isolate Ravn virus/H.sapiens-tc/KEN/1987/Kitum Cave-810040, complete genome"
NC_016144,Filoviridae,18927,"NC_016144.1 Lloviu cuevavirus isolate Lloviu virus/M.schreibersii-wt/ESP/2003/Asturias-Bat86, complete genome"
NC_014372,Filoviridae,18935,"NC_014372.1 Tai Forest ebolavirus isolate Tai Forest virus/H.sapiens-tc/CIV/1994/Pauleoula-CI, complete genome"
NC_006432,Filoviridae,18875,"NC_006432.1 Sudan ebolavirus isolate Sudan virus/H.sapiens-tc/UGA/2000/Gulu-808892, complete genome"
NC_004161,Filoviridae,18891,"NC_004161.1 Reston ebolavirus isolate Reston virus/M.fascicularis-tc/USA/1989/Philippines89-Pennsylvania, complete genom"
NC_002549,Filoviridae,18959,"NC_002549.1 Zaire ebolavirus isolate Ebola virus/H.sapiens-tc/COD/1976/Yambuku-Mayinga, complete genome"
NC_140552,Paramyxoviridae,19932,"NC_140552.1 Ninomys virus strain BE/Ninove/Mm/1/2021, complete genome"
NC_116849,Paramyxoviridae,20092,"NC_116849.1 Longquan Niviventer fulvescens jeilongvirus 1, complete genome"
NC_116850,Paramyxoviridae,20170,"NC_116850.1 Longquan Niviventer fulvescens jeilongvirus 2, complete genome"
NC_117173,Paramyxoviridae,19488,"NC_117173.1 Memana virus strain GN/Meliandou/Mn/1/2018, complete genome"
NC_117106,Paramyxoviridae,19735,"NC_117106.1 Wufeng Eothenomys melanogaster jeilongvirus 1 isolate WFS_RongShu, complete genome"
NC_105524,Paramyxoviridae,18495,"NC_105524.1 Jeilongvirus chaetodipodis isolate AB1, complete genome"
NC_140551,Paramyxoviridae,16740,"NC_140551.1 MAG: Angavokely henipavirus nucleocapsid protein (N), phosphoprotein (P/C/V/W), V protein (P/C/V/W), W prote"
NC_140550,Paramyxoviridae,16497,"NC_140550.1 Bovine narmovirus 1 strain Australia/bovine/L11/2019, complete genome"
NC_140549,Paramyxoviridae,14670,"NC_140549.1 Hippocampus erectus paramyxovirus 1 isolate SD/19 nucleocapsid protein, hypothetical protein, matrix protein"
NC_115926,Paramyxoviridae,15419,"NC_115926.1 Respirovirus rupicaprae isolate ChamoisRV/IT2014, complete genome"
NC_140548,Paramyxoviridae,15396,"NC_140548.1 Porcine respirovirus 2 isolate ZJ14 nucleocapsid protein (N), phosphoprotein (P), matrix protein (M), fusion"
NC_139214,Paramyxoviridae,16568,NC_139214.1 Raton olivaceo morbillivirus strain PPA444 cRNA sequence
NC_117164,Paramyxoviridae,14994,"NC_117164.1 Gierle apodemus virus strain BE/Gierle/As/1/2013, complete genome"
NC_116857,Paramyxoviridae,15040,"NC_116857.1 Longquan Berylmys bowersi morbillivirus 1, complete genome"
NC_116560,Paramyxoviridae,15600,"NC_116560.1 Achimota pararubulavirus 3 isolate U72, complete genome"
NC_116862,Paramyxoviridae,17273,"NC_116862.1 Wufeng Rhinolophus sinicus rubulavirus 1, complete genome"
NC_116858,Paramyxoviridae,15145,"NC_116858.1 Wufeng Niviventer fulvescens morbillivirus 1, complete genome"
NC_076951,Paramyxoviridae,15948,"NC_076951.1 Belerina virus isolate HH114, complete genome"
NC_076941,Paramyxoviridae,20454,"NC_076941.1 Ruloma virus isolate TA502, complete genome"
NC_077219,Paramyxoviridae,15378,"NC_077219.1 Giant squirrel respirovirus isolate GSqRV/LKA/2009 genome assembly, complete genome: monopartite"
NC_076625,Paramyxoviridae,17826,"NC_076625.1 Bat paramyxovirus strain Bat-PV-17770, complete genome"
NC_076624,Paramyxoviridae,18081,"NC_076624.1 Bat paramyxovirus strain Bat-PV-16797, complete genome"
NC_076605,Paramyxoviridae,16767,"NC_076605.1 Feline paramyxovirus 163 viral cRNA, nearly complete genome"
NC_076597,Paramyxoviridae,19509,"NC_076597.1 Rodent paramyxovirus isolate RtAp-ParaV/NX2015, complete genome"
NC_076570,Paramyxoviridae,14796,"NC_076570.1 Bat paramyxovirus isolate BtMl-ParaV/QH2013 nucleocapsid protein gene, partial cds; phosphoprotein, matrix p"
NC_076558,Paramyxoviridae,16017,"NC_076558.1 Miniopterus schreibersii paramyxovirus isolate Bat Ms-ParaV/Anhui2011, partial genome"
NC_076397,Paramyxoviridae,16914,"NC_076397.1 Avian metaavulavirus 21 isolate APMV/dove/Taiwan/AHRI33/2009, complete genome"
NC_076269,Paramyxoviridae,16302,"NC_076269.1 Salmon aquaparamyxovirus strain A, complete genome"
NC_076003,Paramyxoviridae,15408,"NC_076003.1 Avian paramyxovirus 17 isolate Cheonsu1510, complete genome"
NC_075983,Paramyxoviridae,17771,"NC_075983.1 Bat paramyxovirus isolate Bat-ParaV/B16-40, partial genome"
NC_075446,Paramyxoviridae,15462,"NC_075446.1 Human parainfluenza virus 3 strain ZHYMgz01, complete genome"
NC_075441,Paramyxoviridae,15326,"NC_075441.1 Wenling hoplichthys paramyxovirus strain XYXMC57250 nucleoprotein (QKD28_gp1), hypothetical protein (QKD28_g"
NC_075440,Paramyxoviridae,15043,"NC_075440.1 Wenling tonguesole paramyxovirus strain XYHYC190750 nucleoprotein (QKD27_gp1), hypothetical protein (QKD27_g"
NC_075439,Paramyxoviridae,16560,"NC_075439.1 Wenling triplecross lizardfish paramyxovirus strain XYHYC179963 nucleoprotein (QKD26_gp1), hypothetical prot"
NC_075438,Paramyxoviridae,21523,"NC_075438.1 Wenzhou pacific spadenose shark paramyxovirus strain DWXCSG11347 nucleoprotein (QKD25_gp01), hypothetical pr"
NC_075404,Paramyxoviridae,15186,"NC_075404.1 Newcastle disease virus isolate chicken/N. Ireland/Ulster/67, complete genome"
NC_075392,Paramyxoviridae,15384,"NC_075392.1 Sendai virus genomic RNA, complete genome, strain:Nagoya"
NC_074766,Paramyxoviridae,15054,"NC_074766.1 Avian paramyxovirus 4 isolate APMV-4/KR/YJ/06, complete genome"
NC_006430,Paramyxoviridae,15246,NC_006430.1 Parainfluenza virus 5 strain W3A
NC_055508,Paramyxoviridae,15270,"NC_055508.1 Alston virus isolate Alstonville, complete genome"
NC_055168,Paramyxoviridae,20148,"NC_055168.1 Pohorje myodes paramyxovirus 1 isolate TT02/05, complete genome"
NC_055167,Paramyxoviridae,16992,"NC_055167.1 Bank vole virus strain RP-12, complete genome"
NC_055459,Paramyxoviridae,15186,NC_055459.1 UNVERIFIED: Hervey virus isolate BO6 genomic sequence
NC_002200,Paramyxoviridae,15384,"NC_002200.1 Mumps orthorubulavirus genomic RNA, complete genome"
NC_025349,Paramyxoviridae,15456,"NC_025349.3 Avian paramyxovirus penguin/Falkland Islands/324/2007, complete genome"
NC_043540,Paramyxoviridae,17220,"NC_043540.1 Mount Mabu Lophuromys virus 2 isolate MOZ135_2, complete genome"
NC_043539,Paramyxoviridae,17940,"NC_043539.1 Mount Mabu Lophuromys virus 1 isolate MOZ135_1, complete genome"
NC_040796,Paramyxoviridae,15954,"NC_040796.1 Avian paramyxovirus 20 isolate APMV-20/gull/Kazakhstan/5976/2014, complete genome"
NC_039230,Paramyxoviridae,14904,"NC_039230.1 Avian paramyxovirus 2 strain APMV-2/Chicken/California/Yucaipa/56, complete genome"
NC_039223,Paramyxoviridae,15192,"NC_039223.1 Newcastle disease virus isolate JSD0812, complete genome"
NC_039198,Paramyxoviridae,15522,"NC_039198.1 Teviot virus isolate Cedar Grove, complete genome"
NC_039197,Paramyxoviridae,15516,"NC_039197.1 Menangle virus isolate Australia/bat/2009/Cedar Grove, complete genome"
NC_039196,Paramyxoviridae,16050,"NC_039196.1 Feline morbillivirus strain 761U, complete genome"
NC_039195,Paramyxoviridae,15342,"NC_039195.1 Avian paramyxovirus 8 strain goose/Delaware/1053/76, complete genome"
NC_039194,Paramyxoviridae,16236,"NC_039194.1 Avian paramyxovirus 6 strain APMV-6/Goose/FarEast/4440/2003, complete genome"
NC_039019,Paramyxoviridae,15017,"NC_039019.1 Antarctic penguin virus C, complete genome"
NC_039018,Paramyxoviridae,14931,"NC_039018.1 Antarctic penguin virus B, complete genome"
NC_039017,Paramyxoviridae,14926,"NC_039017.1 Antarctic penguin virus A, complete genome"
NC_039016,Paramyxoviridae,15180,"NC_039016.1 Avian paramyxovirus UPO216 isolate APMV-15/WB/Kr/UPO216/2014, complete genome"
NC_039015,Paramyxoviridae,15444,"NC_039015.1 Avian paramyxovirus 14 isolate APMV14/duck/Japan/11OG0352/2011, complete genome"
NC_038271,Paramyxoviridae,15378,"NC_038271.1 Bat Paramyxovirus Epo_spe/AR1/DRC/2009, complete genome"
NC_038270,Paramyxoviridae,15462,"NC_038270.1 Simian Agent 10, complete genome"
NC_034968,Paramyxoviridae,14964,"NC_034968.1 Avian paramyxovirus 15 isolate APMV-15/calidris_fuscicollis/Brazil/RS-1177/2012, partial genome"
NC_030231,Paramyxoviridae,16146,"NC_030231.1 Avian paramyxovirus goose/Shimane/67/2000 viral cRNA, complete genome"
NC_028362,Paramyxoviridae,15618,"NC_028362.1 Caprine parainfluenza virus 3 strain JS2013, complete genome"
NC_028249,Paramyxoviridae,15696,"NC_028249.1 Phocine distemper virus strain PDV/Wadden_Sea.NLD/1988, complete genome"
NC_025410,Paramyxoviridae,15888,"NC_025410.1 Tuhoko virus 1, complete genome"
NC_025407,Paramyxoviridae,17412,"NC_025407.1 Avian paramyxovirus 11 isolate common_snipe/France/100212/2010, complete genome"
NC_025404,Paramyxoviridae,15504,"NC_025404.1 Achimota virus 2, complete genome"
NC_025403,Paramyxoviridae,15624,"NC_025403.1 Achimota virus 1, complete genome"
NC_025402,Paramyxoviridae,15396,"NC_025402.1 Porcine parainfluenza virus 1 strain S206N, complete genome"
NC_025390,Paramyxoviridae,15438,"NC_025390.1 Avian paramyxovirus 9 strain duck/New York/22/1978, complete genome"
NC_025386,Paramyxoviridae,16698,"NC_025386.1 Salem virus, complete genome"
NC_025352,Paramyxoviridae,18406,"NC_025352.1 Mojiang virus isolate Tongguan1, complete genome"
NC_025373,Paramyxoviridae,16182,"NC_025373.1 Avian paramyxovirus 3 strain turkey/Wisconsin/68, complete genome"
NC_025363,Paramyxoviridae,15312,"NC_025363.1 Avian paramyxovirus 12 isolate Wigeon/Italy/3920_1/2005, complete genome"
NC_025361,Paramyxoviridae,17262,"NC_025361.1 Avian paramyxovirus 5 strain budgerigar/Kunitachi/74, complete genome"
NC_025360,Paramyxoviridae,16968,"NC_025360.1 Atlantic salmon paramyxovirus isolate ASPV/Yrkje371/95, complete genome"
NC_025355,Paramyxoviridae,19152,"NC_025355.1 Tailam virus strain TL8K, complete genome"
NC_025351,Paramyxoviridae,18162,"NC_025351.1 Cedar virus isolate CG1a, complete genome"
NC_025350,Paramyxoviridae,15234,"NC_025350.1 Tuhoko virus 3, complete genome"
NC_025348,Paramyxoviridae,15432,"NC_025348.1 Tuhoko virus 2, complete genome"
NC_025347,Paramyxoviridae,15480,"NC_025347.1 Avian paramyxovirus 7 strain APMV-7/dove/Tennessee/4/75, complete genome"
NC_025343,Paramyxoviridae,15480,"NC_025343.1 Sosuga virus isolate 2012, complete genome"
NC_025256,Paramyxoviridae,18530,"NC_025256.1 Bat Paramyxovirus Eid_hel/GH-M74a/GHA/2009, complete genome"
NC_001906,Paramyxoviridae,18234,"NC_001906.3 Hendra virus, complete genome"
NC_021928,Paramyxoviridae,17052,"NC_021928.1 Human parainfluenza virus 4a viral cRNA, complete genome, strain: M-25"
NC_019531,Paramyxoviridae,15048,"NC_019531.1 Avian paramyxovirus 4 strain APMV-4/duck/Delaware/549227/2010, complete genome"
NC_017937,Paramyxoviridae,15276,"NC_017937.1 Nariva virus, complete genome"
NC_009640,Paramyxoviridae,15180,"NC_009640.1 Porcine rubulavirus, complete genome"
NC_009489,Paramyxoviridae,15486,"NC_009489.1 Mapuera virus, complete genome"
NC_007803,Paramyxoviridae,19212,"NC_007803.1 Beilong virus, complete genome"
NC_007454,Paramyxoviridae,18954,"NC_007454.1 J-virus, complete genome"
NC_006383,Paramyxoviridae,15948,NC_006383.2 Peste des petits ruminants virus complete genome
NC_006296,Paramyxoviridae,15882,"NC_006296.2 Rinderpest virus (strain Kabete O), complete genome"
NC_006428,Paramyxoviridae,15450,"NC_006428.1 Simian virus 41, complete genome"
NC_005084,Paramyxoviridae,15378,"NC_005084.2 Fer-de-lance virus, complete genome"
NC_005339,Paramyxoviridae,16650,"NC_005339.1 Mossman virus, complete genome"
NC_005283,Paramyxoviridae,15702,"NC_005283.1 Dolphin morbillivirus, complete genome"
NC_005036,Paramyxoviridae,15192,"NC_005036.1 Goose paramyxovirus SF02, complete genome"
NC_004074,Paramyxoviridae,15522,"NC_004074.1 Tioman virus, complete genome"
NC_003461,Paramyxoviridae,15600,"NC_003461.1 Human parainfluenza virus 1, complete genome"
NC_003443,Paramyxoviridae,15646,"NC_003443.1 Human rubulavirus 2, complete genome"
NC_002728,Paramyxoviridae,18246,"NC_002728.1 Nipah virus, complete genome"
NC_001796,Paramyxoviridae,15462,"NC_001796.2 Human parainfluenza virus 3, complete genome"
NC_002199,Paramyxoviridae,17904,"NC_002199.1 Tupaia paramyxovirus, complete genome"
NC_002161,Paramyxoviridae,15456,"NC_002161.1 Bovine parainfluenza virus 3, complete genome"
NC_001921,Paramyxoviridae,15690,"NC_001921.1 Canine distemper virus, complete genome"
NC_001552,Paramyxoviridae,15384,"NC_001552.1 Sendai virus genomic RNA, antisense, complete sequence"
NC_001498,Paramyxoviridae,15894,"NC_001498.1 Measles virus, complete genome"
NC_006317,Arenaviridae,3366,"NC_006317.1 Sabia virus, complete genome"
NC_078314,Arenaviridae,2223,"NC_078314.1 SetPatVet virus 1 isolate N171-16_SPVV-1 segment L2 RNA-dependent RNA polymerase (QK668_gp1) gene, partial c"
NC_078313,Arenaviridae,3578,"NC_078313.1 SetPatVet virus 1 isolate N171-16_SPVV-1 segment L1 RNA-dependent RNA polymerase (QK668_gp1) gene, partial c"
NC_078312,Arenaviridae,3560,"NC_078312.1 SetPatVet virus 1 isolate N171-16_SPVV-1 segment S, complete sequence"
NC_077807,Arenaviridae,3376,"NC_077807.1 Lymphocytic choriomeningitis virus Armstrong 53b segment RNA S, complete sequence"
NC_077806,Arenaviridae,7228,"NC_077806.1 Lymphocytic choriomeningitis virus Armstrong 53b segment RNA L, complete sequence"
NC_079108,Arenaviridae,7238,"NC_079108.1 Dhati Welel mammarenavirus isolate LAV2586 segment L, complete sequence"
NC_079107,Arenaviridae,3347,"NC_079107.1 Dhati Welel mammarenavirus isolate LAV2586 segment S, complete sequence"
NC_079038,Arenaviridae,5904,"NC_079038.1 Hartmanivirus BESV-1 isolate CR-Wild5-brain segment L, complete sequence"
NC_079037,Arenaviridae,3350,"NC_079037.1 Hartmanivirus BESV-1 isolate CR-Wild5-brain segment S, complete sequence"
NC_079033,Arenaviridae,5937,"NC_079033.1 Universidad Nacional virus 1 isolate F18-300-101_UnNV-1_L RNA-dependent RNA polymerase gene, complete cds"
NC_079032,Arenaviridae,3378,"NC_079032.1 Universidad Nacional virus 1 isolate F18-300-101_UnNV-1_S glycoprotein precursor and nucleoprotein genes, co"
NC_079022,Arenaviridae,2784,"NC_079022.1 MAG: Inner Mongolia sediment arena-like virus isolate 346R-750661 segment S putative nucleoprotein gene, com"
NC_079021,Arenaviridae,3533,NC_079021.1 MAG: Inner Mongolia sediment arena-like virus isolate 346R-750661 segment M hypothetical protein and putativ
NC_079020,Arenaviridae,7417,"NC_079020.1 MAG: Inner Mongolia sediment arena-like virus isolate 346R-750661 segment L L protein gene, complete cds"
NC_078698,Arenaviridae,7216,"NC_078698.1 Kwanza mammarenavirus isolate ANG0206 segment L, complete sequence"
NC_078697,Arenaviridae,3421,"NC_078697.1 Kwanza mammarenavirus isolate ANG0206 segment S, complete sequence"
NC_078696,Arenaviridae,3374,"NC_078696.1 Bitu mammarenavirus isolate ANG0052 segment S, complete sequence"
NC_078695,Arenaviridae,7187,"NC_078695.1 Bitu mammarenavirus isolate ANG0052 segment L, complete sequence"
NC_078316,Arenaviridae,3598,"NC_078316.1 Andere Heimat virus 1 isolate 1164-18_AHeV-1 segment S, complete sequence"
NC_078315,Arenaviridae,5961,"NC_078315.1 Andere Heimat virus 1 isolate 1164-18_AHeV-1 segment L, complete sequence"
NC_078293,Arenaviridae,7284,"NC_078293.1 Kitale virus strain AreV2170KEN Z protein (Z) and RNA-dependent RNA polymerase (RdRp) genes, complete cds"
NC_078292,Arenaviridae,3369,"NC_078292.1 Kitale virus strain AreV2170KEN glycoprotein precursor (GPC) and nucleocapsid protein (NP) genes, complete c"
NC_078285,Arenaviridae,1924,"NC_078285.1 MAG: Salmon pescarenavirus 1 isolate G518 segment S nucleoprotein (QK659_sSgp1) gene, complete cds"
NC_078284,Arenaviridae,1950,"NC_078284.1 MAG: Salmon pescarenavirus 1 isolate G518 segment M glycoprotein (QK659_sMgp1) gene, complete cds"
NC_078283,Arenaviridae,6475,"NC_078283.1 MAG: Salmon pescarenavirus 1 isolate G518 segment L RNA-dependent RNA polymerase (QK659_sLgp1) gene, complet"
NC_078106,Arenaviridae,3341,"NC_078106.1 Alxa virus isolate RtDs-AreV-IM2014 nucleocapsid protein (NP) gene, partial cds; and glycoprotein precursor "
NC_078105,Arenaviridae,7251,"NC_078105.1 Alxa virus isolate RtDs-AreV-IM2014 RNA-dependent RNA polymerase (L) and Z protein (Z) genes, complete cds"
NC_078102,Arenaviridae,3260,"NC_078102.1 Lijiang virus isolate KS4 nonfunctional glycoprotein gene, complete sequence; and nucleoprotein (QK604_sSgp1"
NC_078101,Arenaviridae,7269,"NC_078101.1 Lijiang virus isolate KS4 RNA-dependent RNA polymerase (QK604_sLgp1) and Z protein (QK604_sLgp2) genes, comp"
NC_055446,Arenaviridae,5938,"NC_055446.1 Veterinary Pathology Zurich virus 1 isolate S14-369-79_2 segment L RNA-dependent RNA polymerase (RdRp) gene,"
NC_055445,Arenaviridae,3433,NC_055445.1 Veterinary Pathology Zurich virus 1 isolate S14-369-79_1 segment S glycoprotein precursor (GPC) and nucleopr
NC_055444,Arenaviridae,5945,"NC_055444.1 Old schoolhouse virus 1 isolate F17-0012_2 segment L RNA-dependent RNA polymerase (RdRp) gene, complete cds"
NC_055443,Arenaviridae,3322,NC_055443.1 Old schoolhouse virus 1 isolate F17-0012_1 segment S glycoprotein precursor (GPC) and nucleoprotein (NP) gen
NC_055442,Arenaviridae,3396,"NC_055442.1 Dante Muikkunen virus 1 isolate F18-5_1 segment S glycoprotein precursor (GPC) and nucleoprotein (NP) genes,"
NC_055441,Arenaviridae,5913,"NC_055441.1 Dante Muikkunen virus 1 isolate F18-5 segment L RNA-dependent RNA polymerase (RdRp) gene, complete cds"
NC_006439,Arenaviridae,6997,"NC_006439.1 Pichinde virus large RNA segment, complete sequence"
NC_006313,Arenaviridae,7133,"NC_006313.1 Sabia virus, complete genome"
NC_055440,Arenaviridae,7049,"NC_055440.1 Xapuri virus strain LBCE 19881 segment L, complete sequence"
NC_055439,Arenaviridae,3405,"NC_055439.1 Xapuri virus strain LBCE 19881 segment S, complete sequence"
NC_040763,Arenaviridae,7217,"NC_040763.1 Apore mammarenavirus strain LBCE 12071 segment L, complete sequence"
NC_040762,Arenaviridae,3400,"NC_040762.1 Apore mammarenavirus strain LBCE 12071 segment S, complete sequence"
NC_040466,Arenaviridae,2551,"NC_040466.1 Wenling frogfish arenavirus 2 strain XYHYG24857 segment M, complete sequence"
NC_040465,Arenaviridae,6425,"NC_040465.1 Wenling frogfish arenavirus 2 strain XYHYG24857 segment L, complete sequence"
NC_040464,Arenaviridae,2016,"NC_040464.1 Wenling frogfish arenavirus 2 strain XYHYG24857 segment S, complete sequence"
NC_040428,Arenaviridae,6537,"NC_040428.1 Wenling frogfish arenavirus 1 strain XYHYG11303 segment L, complete sequence"
NC_040427,Arenaviridae,2088,"NC_040427.1 Wenling frogfish arenavirus 1 strain XYHYG11303 segment S, complete sequence"
NC_040426,Arenaviridae,3260,"NC_040426.1 Wenling frogfish arenavirus 1 strain XYHYG11303 segment M, complete sequence"
NC_043444,Arenaviridae,3377,"NC_043444.1 Haartman Institute snake virus isolate 1 segment S, complete sequence"
NC_043443,Arenaviridae,5949,"NC_043443.1 Haartman Institute snake virus isolate 1 segment L, complete sequence"
NC_039010,Arenaviridae,7144,"NC_039010.1 Rat arenavirus 1 isolate YN2013 segment L, complete sequence"
NC_039009,Arenaviridae,3363,"NC_039009.1 Rat arenavirus 1 isolate YN2013 segment S, complete sequence"
NC_038365,Arenaviridae,7184,"NC_038365.1 Loie River virus isolate R5074 Z protein (Z) and RNA-dependent RNA polymerase (L) genes, complete cds"
NC_039006,Arenaviridae,6787,"NC_039006.1 University of Giessen virus strain UGV-1 segment L Z protein and RdRp genes, complete cds"
NC_039005,Arenaviridae,3433,"NC_039005.1 University of Giessen virus strain UGV-1 segment S GPC and NP genes, complete cds"
NC_039012,Arenaviridae,3383,"NC_039012.1 Souris virus isolate PREDICT-05775,5302,5304 segment S, complete sequence"
NC_039011,Arenaviridae,7263,"NC_039011.1 Souris virus isolate PREDICT-05775,5302,5304 segment L, complete sequence"
NC_039008,Arenaviridae,6917,"NC_039008.1 Tavallinen suomalainen mies virus clone TSMV-2_L_F15-133 Z-protein and RNA-dependent RNA polymerase genes, c"
NC_039007,Arenaviridae,3400,"NC_039007.1 Tavallinen suomalainen mies virus clone TSMV-2_S_F15133 glycoprotein precursor and nucleoprotein genes, comp"
NC_038367,Arenaviridae,3410,"NC_038367.1 Arenaviridae sp. 13ZR68 viral cRNA, segment S, complete sequence"
NC_038366,Arenaviridae,7149,"NC_038366.1 Arenaviridae sp. 13ZR68 viral cRNA, segment L, complete sequence"
NC_038364,Arenaviridae,3344,"NC_038364.1 Loie River virus isolate R5074 glycoprotein precursor (GPC) and nucleocapsid protein (NP) genes, complete cd"
NC_027137,Arenaviridae,7170,"NC_027137.1 Okahandja virus strain N73 OkhMi.n4 segment L, complete sequence"
NC_027136,Arenaviridae,6840,"NC_027136.1 Mariental virus strain N27 MRMi.n9 segment L, complete sequence"
NC_027135,Arenaviridae,3379,"NC_027135.1 Okahandja virus strain N73 OkhMi.n4 segment S glycoprotein precursor and nucleocapsid protein genes, complet"
NC_027134,Arenaviridae,3360,"NC_027134.1 Mariental virus strain N27 MRMi.n9 segment S glycoprotein precursor and nucleocapsid protein genes, complete"
NC_026247,Arenaviridae,7264,"NC_026247.1 Gairo virus isolate TZ-27421_L segment L, complete sequence"
NC_026246,Arenaviridae,3345,"NC_026246.1 Gairo virus isolate TZ-27421_S segment S, complete sequence"
NC_026019,Arenaviridae,7146,"NC_026019.1 Wenzhou virus isolate Rn-242 segment L, complete sequence"
NC_026018,Arenaviridae,3337,"NC_026018.1 Wenzhou virus isolate Rn-242 segment S, complete sequence"
NC_023766,Arenaviridae,3399,"NC_023766.1 University of Helsinki virus strain UHV-1 segment S, complete sequence"
NC_023765,Arenaviridae,6935,"NC_023765.1 University of Helsinki virus strain UHV-1 segment L, complete sequence"
NC_023764,Arenaviridae,3364,"NC_023764.1 Merino Walk virus GP (GP) and NP (NP) genes, complete cds"
NC_023763,Arenaviridae,7198,"NC_023763.1 Merino Walk virus Z protein and L genes, complete cds"
NC_023762,Arenaviridae,6932,"NC_023762.1 Boa arenavirus NL isolate 3 segment L, complete sequence"
NC_023761,Arenaviridae,3351,"NC_023761.1 Boa arenavirus NL isolate 3 segment S, complete sequence"
NC_018711,Arenaviridae,7195,"NC_018711.1 Lunk virus NKS-1 segment L, complete genome"
NC_018710,Arenaviridae,3419,"NC_018710.1 Lunk virus NKS-1 segment S, complete genome"
NC_018484,Arenaviridae,6812,"NC_018484.1 CAS virus segment L, complete genome"
NC_018483,Arenaviridae,3482,"NC_018483.1 Golden Gate virus segment S, complete genome"
NC_018482,Arenaviridae,6922,"NC_018482.1 Golden Gate virus segment L, complete genome"
NC_018481,Arenaviridae,3368,"NC_018481.1 CAS virus segment S, complete genome"
NC_016153,Arenaviridae,7230,"NC_016153.1 Luna virus segment L, complete genome"
NC_016152,Arenaviridae,3377,"NC_016152.1 Luna virus segment S, complete genome"
NC_013058,Arenaviridae,7207,"NC_013058.1 Morogoro virus segment L, complete genome"
NC_013057,Arenaviridae,3383,"NC_013057.1 Morogoro virus segment S, complete genome"
NC_012777,Arenaviridae,7163,"NC_012777.1 Lujo virus segment L, complete genome"
NC_012776,Arenaviridae,3189,"NC_012776.1 Lujo virus segment S, complete genome"
NC_010756,Arenaviridae,3406,"NC_010756.1 Parana virus segment S (small), complete genome"
NC_010761,Arenaviridae,7088,"NC_010761.1 Parana virus segment L, complete sequence"
NC_010760,Arenaviridae,7174,"NC_010760.1 Latino virus segment L, complete sequence"
NC_010758,Arenaviridae,3474,"NC_010758.1 Latino virus segment S, complete sequence"
NC_010759,Arenaviridae,7038,"NC_010759.1 Flexal virus segment L, complete sequence"
NC_010757,Arenaviridae,3410,"NC_010757.1 Flexal virus segment S, complete sequence"
NC_010701,Arenaviridae,3533,"NC_010701.1 Tamiami virus segment S (small), complete genome"
NC_010703,Arenaviridae,7132,"NC_010703.1 Whitewater Arroyo virus segment L, complete sequence"
NC_010700,Arenaviridae,3316,"NC_010700.1 Whitewater Arroyo virus segment S, complete sequence"
NC_010702,Arenaviridae,7141,"NC_010702.1 Tamiami virus segment L, complete sequence"
NC_010563,Arenaviridae,7107,"NC_010563.1 Chapare virus segment L, complete sequence"
NC_010562,Arenaviridae,3357,"NC_010562.1 Chapare virus segment S, complete sequence"
NC_010253,Arenaviridae,3343,"NC_010253.1 Allpahuayo virus segment S, complete sequence"
NC_010247,Arenaviridae,3341,"NC_010247.1 Amapari virus segment S, complete sequence"
NC_010254,Arenaviridae,3332,"NC_010254.1 Cupixi virus segment S, complete sequence"
NC_010252,Arenaviridae,7106,"NC_010252.1 Cupixi virus segment L, complete sequence"
NC_010256,Arenaviridae,3339,"NC_010256.1 Bear Canyon virus segment S, complete sequence"
NC_010255,Arenaviridae,7102,"NC_010255.1 Bear Canyon virus segment L, complete sequence"
NC_010249,Arenaviridae,7053,"NC_010249.1 Allpahuayo virus segment L, complete sequence"
NC_010251,Arenaviridae,7046,"NC_010251.1 Amapari virus segment L, complete sequence"
NC_010250,Arenaviridae,7184,"NC_010250.1 Oliveros virus segment L, complete sequence"
NC_010248,Arenaviridae,3535,"NC_010248.1 Oliveros virus segment S, complete sequence"
NC_007904,Arenaviridae,7325,"NC_007904.1 Mobala virus segment L, complete sequence"
NC_007905,Arenaviridae,3366,"NC_007905.1 Ippy virus segment S, complete sequence"
NC_007906,Arenaviridae,7316,"NC_007906.1 Ippy virus segment L, complete sequence"
NC_007903,Arenaviridae,3380,"NC_007903.1 Mobala virus segment S, complete sequence"
NC_006575,Arenaviridae,3427,"NC_006575.1 Mopeia virus AN20410 segment S, complete genome"
NC_006574,Arenaviridae,7271,"NC_006574.1 Mopeia virus AN20410 segment L, complete genome"
NC_006573,Arenaviridae,3402,"NC_006573.1 Mopeia Lassa reassortant 29 segment S, complete genome"
NC_006572,Arenaviridae,7271,"NC_006572.1 Mopeia Lassa reassortant 29 segment L, complete genome"
NC_006447,Arenaviridae,3419,"NC_006447.1 Pichinde mammarenavirus segment S, complete sequence"
NC_005897,Arenaviridae,7089,"NC_005897.1 Pirital virus segment L, complete genome"
NC_005894,Arenaviridae,3393,"NC_005894.1 Pirital virus segment S, complete sequence"
NC_005082,Arenaviridae,7081,"NC_005082.1 Guanarito virus segment L, complete genome"
NC_005077,Arenaviridae,3343,"NC_005077.1 Guanarito virus segment S, complete genome"
NC_005079,Arenaviridae,7196,"NC_005079.1 Machupo virus segment L, complete genome"
NC_005078,Arenaviridae,3439,"NC_005078.1 Machupo virus segment S, complete genome"
NC_005081,Arenaviridae,3411,"NC_005081.1 Junin virus segment S, complete genome"
NC_005080,Arenaviridae,7114,"NC_005080.1 Junin virus segment L, complete genome"
NC_004297,Arenaviridae,7279,"NC_004297.1 Lassa virus segment L, complete sequence"
NC_004296,Arenaviridae,3402,"NC_004296.1 Lassa virus segment S, complete sequence"
NC_004293,Arenaviridae,3432,"NC_004293.1 Tacaribe virus segment S, complete sequence"
NC_004292,Arenaviridae,7102,"NC_004292.1 Tacaribe virus segment L, complete sequence"
NC_004294,Arenaviridae,3376,"NC_004294.1 Lymphocytic choriomeningitis virus segment S, complete sequence"
NC_004291,Arenaviridae,6680,"NC_004291.1 Lymphocytic choriomeningitis virus segment L, complete sequence"
NC_075434,Retroviridae,12965,"NC_075434.1 Simiispumavirus macfas proviral DNA, complete genome, isolate: Cy5061"
NC_076947,Retroviridae,8359,"NC_076947.1 Equine infectious anemia virus clone pSPEIAV19, complete genome"
NC_001364,Retroviridae,13246,"NC_001364.1 Western chimpanzee simian foamy virus, complete genome"
NC_039023,Retroviridae,12118,"NC_039023.1 Brown greater galago prosimian foamy virus, complete genome"
NC_003323,Retroviridae,8918,"NC_003323.1 Primate T-lymphotropic virus 3 long terminal repeat, complete sequence; gag polyprotein (gag) gene, complete"
NC_000858,Retroviridae,9028,"NC_000858.1 Primate T-lymphotropic virus 1, complete genome"
NC_043445,Retroviridae,13072,"NC_043445.1 Guenon simian foamy virus isolate AG16, complete genome"
NC_043426,Retroviridae,1329,NC_043426.1 Kirsten murine sarcoma virus (KiMSV) p15 env coding region and long terminal repeat (LTR)
NC_043404,Retroviridae,1928,"NC_043404.1 Avian myeloblastosis virus RNA-dependent DNA polymerase gene, partial cds; transforming protein gene, comple"
NC_043382,Retroviridae,4901,NC_043382.1 Snyder-Theilen feline sarcoma virus genomic sequence
NC_043196,Retroviridae,1248,"NC_043196.1 Chick syncytial virus polymerase (pol) gene, partial cds"
NC_043195,Retroviridae,3741,"NC_043195.1 Walleye epidermal hyperplasia virus type 2 pol polyprotein (pol) gene, partial cds"
NC_043194,Retroviridae,3603,"NC_043194.1 Walleye epidermal hyperplasia virus type 1 pol polyprotein (pol) gene, partial cds"
NC_043193,Retroviridae,266,"NC_043193.1 Endogenous langur type D retrovirus PO-1-Lu gp70 gene, partial cds"
NC_001654,Retroviridae,7732,"NC_001654.1 Jembrana disease virus Tabanan/87 strain, complete genome"
NC_039242,Retroviridae,11700,"NC_039242.1 Feline foamy virus DNA, complete genome"
NC_039238,Retroviridae,12983,"NC_039238.1 Rhesus macaque simian foamy virus isolate SFVmmu_K3T, complete genome"
NC_039228,Retroviridae,8431,"NC_039228.1 Koala retrovirus gag protein (gag), pol protein (pol), and envelope protein (env) genes, complete cds"
NC_039085,Retroviridae,12823,"NC_039085.1 Simian foamy virus-orangutan complete proviral genome, isolate bella"
NC_039031,Retroviridae,11764,"NC_039031.1 Yellow-breasted capuchin simian foamy virus isolate Z17, complete genome"
NC_039030,Retroviridae,11744,"NC_039030.1 White-tufted-ear marmoset simian foamy virus, complete genome"
NC_039029,Retroviridae,12258,"NC_039029.1 Western lowland gorilla simian foamy virus, complete genome"
NC_039028,Retroviridae,11684,"NC_039028.1 Squirrel monkey foamy virus isolate 1224, complete genome"
NC_039027,Retroviridae,12212,"NC_039027.1 Spider monkey foamy virus strain ATCC VR-940, complete genome"
NC_039026,Retroviridae,12957,"NC_039026.1 Japanese macaque simian foamy virus proviral DNA, complete genome, clone: JM356"
NC_039025,Retroviridae,11954,"NC_039025.1 Eastern chimpanzee simian foamy virus clone pHSRV13, complete genome"
NC_039024,Retroviridae,13220,"NC_039024.1 Central cimpanzee simian foamy virus isolate BAD327, complete genome"
NC_039022,Retroviridae,11649,"NC_039022.1 Puma feline foamy virus isolate FFVpc-X102, complete genome"
NC_038923,Retroviridae,2473,NC_038923.1 Hardy-Zuckermann 4 feline sarcoma virus (H24-FeSV) kit oncogene
NC_038922,Retroviridae,2428,NC_038922.1 Avian sarcoma virus CT10 genomic sequence
NC_038858,Retroviridae,3811,"NC_038858.1 FBR murine osteosarcoma, complete proviral sequence integrated in Rattus norvegicus genome"
NC_038669,Retroviridae,9100,"NC_038669.1 Puma lentivirus 14 (gag), polyprotein (pol), viral infectivity factor (vif), and envelope precursor (env) ge"
NC_038668,Retroviridae,997,NC_038668.1 harvey murine sarcoma virus p21 v-has protein gene
NC_001885,Retroviridae,8088,"NC_001885.3 Gibbon ape leukemia virus gag, pol, and env genes, complete cds"
NC_009424,Retroviridae,5779,NC_009424.5 Woolly monkey sarcoma virus
NC_031326,Retroviridae,8126,"NC_031326.1 Simian retrovirus 8 strain SRV8/SUZ/2012, complete genome"
NC_029853,Retroviridae,8183,NC_029853.1 Mus musculus mobilized endogenous polytropic provirus clone 15 truncated gag-pol polyprotein (gag) and envel
NC_029852,Retroviridae,7470,"NC_029852.1 Bovine retrovirus CH15 putative group-specific antigen, putative protease, putative viral DNA polymerase, an"
NC_027117,Retroviridae,10485,"NC_027117.1 Desmodus rotundus endogenous retrovirus isolate 824, complete genome"
NC_022517,Retroviridae,8507,"NC_022517.1 Baboon endogenous virus strain M7 proviral DNA, complete genome"
NC_023153,Retroviridae,6996,"NC_023153.1 Citrus endogenous pararetrovirus clone CB16-3, complete genome"
NC_022518,Retroviridae,9472,NC_022518.1 Human endogenous retrovirus K113 complete genome
NC_007815,Retroviridae,8197,"NC_007815.2 PreXMRV-1 provirus, complete genome"
NC_015116,Retroviridae,7489,"NC_015116.1 Avian leukemia virus isolate SCDY1, complete genome"
NC_014474,Retroviridae,8126,"NC_014474.1 Simian retrovirus 4 strain SRV4/TEX/2009/V1, complete genome"
NC_011800,Retroviridae,8791,"NC_011800.1 Human T-lymphotropic virus 4, complete genome"
NC_011546,Retroviridae,8913,"NC_011546.1 Simian T-cell lymphotropic virus 6 strain Cmo8699AB, complete genome"
NC_010955,Retroviridae,10207,"NC_010955.1 Xenopus laevis endogenous retrovirus Xen1, complete genome"
NC_010820,Retroviridae,13111,"NC_010820.1 Simian foamy virus 3, complete genome"
NC_009889,Retroviridae,8406,"NC_009889.1 RD114 retrovirus, complete genome"
NC_008094,Retroviridae,5188,"NC_008094.1 Y73 sarcoma virus, complete genome"
NC_007654,Retroviridae,10305,"NC_007654.1 Atlantic salmon swim bladder sarcoma virus, complete genome"
NC_007015,Retroviridae,7434,"NC_007015.1 Ovine enzootic nasal tumour virus, complete genome"
NC_006934,Retroviridae,8295,"NC_006934.1 Reticuloendotheliosis virus strain HA9901 from China, complete genome"
NC_005947,Retroviridae,4302,"NC_005947.1 Avian endogenous retrovirus EAV-HP, complete genome"
NC_004994,Retroviridae,7448,"NC_004994.2 Enzootic nasal tumour virus of goats, complete genome"
NC_004455,Retroviridae,9518,"NC_004455.1 Simian immunodeficiency virus 2 isolate SIVmnd-2, complete genome"
NC_003059,Retroviridae,8072,"NC_003059.1 Porcine endogenous retrovirus E, complete genome"
NC_002201,Retroviridae,12035,"NC_002201.1 Equine foamy virus, complete genome"
NC_001940,Retroviridae,8448,"NC_001940.1 Feline leukemia virus, complete genome"
NC_001867,Retroviridae,12708,"NC_001867.1 Walleye dermal sarcoma virus, complete genome"
NC_001866,Retroviridae,3392,"NC_001866.1 Avian myelocytomatosis virus, complete genome"
NC_001831,Retroviridae,12002,"NC_001831.1 Bovine foamy virus, complete genome"
NC_001815,Retroviridae,8855,"NC_001815.1 Simian T-lymphotropic virus 2, complete genome"
NC_001802,Retroviridae,9181,"NC_001802.1 Human immunodeficiency virus 1, complete genome"
NC_001724,Retroviridae,10688,"NC_001724.1 Snakehead retrovirus, complete genome"
NC_001722,Retroviridae,10359,"NC_001722.1 Human immunodeficiency virus 2, complete genome"
NC_001702,Retroviridae,8135,"NC_001702.1 Murine type C retrovirus, complete genome"
NC_001618,Retroviridae,3166,"NC_001618.1 UR2 sarcoma virus, complete genome"
NC_001550,Retroviridae,8557,"NC_001550.1 Mason-Pfizer monkey virus, complete genome"
NC_001549,Retroviridae,9623,"NC_001549.1 Simian immunodeficiency virus, complete genome"
NC_001514,Retroviridae,8785,"NC_001514.1 Squirrel monkey retrovirus - HLB, complete genome"
NC_001511,Retroviridae,9256,"NC_001511.1 Ovine lentivirus, complete genome"
NC_001506,Retroviridae,3811,"NC_001506.1 Murine osteosarcoma virus, complete genome"
NC_001503,Retroviridae,8805,"NC_001503.1 Mouse mammary tumor virus, complete genome"
NC_001502,Retroviridae,5833,"NC_001502.1 Moloney murine sarcoma virus, complete genome"
NC_001501,Retroviridae,8332,"NC_001501.1 Moloney murine leukemia virus, complete genome"
NC_001500,Retroviridae,6296,"NC_001500.1 Spleen focus-forming virus, complete genome"
NC_001499,Retroviridae,5894,"NC_001499.1 Abelson murine leukemia virus, complete genome"
NC_001494,Retroviridae,7462,"NC_001494.1 Jaagsiekte sheep retrovirus, complete genome"
NC_001488,Retroviridae,8952,"NC_001488.1 Human T-lymphotropic virus 2, complete proviral genome"
NC_001482,Retroviridae,9474,NC_001482.1 Feline immunodeficiency virus complete genome
NC_001463,Retroviridae,9189,"NC_001463.1 Caprine arthritis-encephalitis virus, complete genome"
NC_001452,Retroviridae,9202,"NC_001452.1 Visna/Maedi virus strain kv1772, complete genome"
NC_001436,Retroviridae,8507,"NC_001436.1 Human T-lymphotropic virus 1, complete genome"
NC_001414,Retroviridae,8419,"NC_001414.1 Bovine leukemia virus, complete genome"
NC_001413,Retroviridae,8482,"NC_001413.1 Bovine immunodeficiency-like virus, complete proviral genome"
NC_001408,Retroviridae,7286,"NC_001408.1 Avian leukosis virus - RSA, complete genome"
NC_001407,Retroviridae,9392,"NC_001407.1 Rous sarcoma virus, complete genome"
NC_001403,Retroviridae,4788,"NC_001403.1 Fujinami sarcoma virus, complete genome"
NC_001402,Retroviridae,2630,"NC_001402.1 Avian carcinoma virus, complete genome"
NC_001362,Retroviridae,8323,NC_001362.1 Friend murine leukemia virus FB29 complete genome
